idna_subject,checker_type,destination,tested_at
32.174.136.140.78,AVAILABILITY,domains.txt,2021-01-19 19:09:55.814198
32.175.136.140.78,AVAILABILITY,domains.txt,2021-01-19 19:09:55.933429
32.18.213.23.185,AVAILABILITY,domains.txt,2021-01-19 19:09:56.175323
32.189.51.95.209,AVAILABILITY,domains.txt,2021-01-19 19:09:56.264970
32.19.213.23.185,AVAILABILITY,domains.txt,2021-01-19 19:09:56.367935
32.20.213.23.185,AVAILABILITY,domains.txt,2021-01-19 19:09:56.453752
32.220.99.187.194,AVAILABILITY,domains.txt,2021-01-19 19:09:56.604038
32.221.99.187.194,AVAILABILITY,domains.txt,2021-01-19 19:09:56.713978
32.222.99.187.194,AVAILABILITY,domains.txt,2021-01-19 19:09:56.856374
32.223.105.126.209,AVAILABILITY,domains.txt,2021-01-19 19:09:56.943261
32.223.99.187.194,AVAILABILITY,domains.txt,2021-01-19 19:09:57.048596
32.224.99.187.194,AVAILABILITY,domains.txt,2021-01-19 19:09:57.130443
32.236.95.217.185,AVAILABILITY,domains.txt,2021-01-19 19:09:57.323968
32.242.182.208.173,AVAILABILITY,domains.txt,2021-01-19 19:09:57.443715
32.43.150.158.51,AVAILABILITY,domains.txt,2021-01-19 19:09:57.558488
32.55.66.199.128,AVAILABILITY,domains.txt,2021-01-19 19:09:57.734552
360safe.xn--com-5ma.cn,AVAILABILITY,domains.txt,2021-01-19 19:12:41.593462
3angelsvideo.com,AVAILABILITY,domains.txt,2021-01-19 19:15:24.563092
7.easyxtubes.com,AVAILABILITY,domains.txt,2021-01-19 19:27:56.741623
>>>>>>>,AVAILABILITY,domains.txt,2021-01-19 19:40:41.815039
master,AVAILABILITY,domains.txt,2021-01-19 19:40:51.958927
a.bitporno.com,AVAILABILITY,domains.txt,2021-01-19 20:43:08.078062
www.support.sextronix.com,AVAILABILITY,hosts.list,2021-07-04 02:47:27.346488
www.teen-gay-boys.net,AVAILABILITY,hosts.list,2021-07-04 02:47:28.580703
www.teenassclips.com,AVAILABILITY,hosts.list,2021-07-04 02:48:11.083804
www.teenporn00.com,AVAILABILITY,hosts.list,2021-07-04 02:48:12.726228
www.topheavywebcams.com,AVAILABILITY,hosts.list,2021-07-04 02:48:14.469113
www.troiaitaliana.com,AVAILABILITY,hosts.list,2021-07-04 02:48:16.200428
www.video69.ru,AVAILABILITY,hosts.list,2021-07-04 02:48:18.428691
www.videos666.com,AVAILABILITY,hosts.list,2021-07-04 02:49:05.124099
www.vipportugal.net,AVAILABILITY,hosts.list,2021-07-04 02:49:06.838517
www.virgin-coconut-oil.info,AVAILABILITY,hosts.list,2021-07-04 02:49:08.287488
www.virginkitty.com,AVAILABILITY,hosts.list,2021-07-04 02:49:11.845167
www.virginz.nl,AVAILABILITY,hosts.list,2021-07-04 02:49:58.512497
www.virginz.tv,AVAILABILITY,hosts.list,2021-07-04 02:50:00.163999
www.voktel.com,AVAILABILITY,hosts.list,2021-07-04 02:50:01.851948
www.welcome.ivanafukalot.com,AVAILABILITY,hosts.list,2021-07-04 02:50:48.553477
www.welcome.sashafucksdasha.com,AVAILABILITY,hosts.list,2021-07-04 02:51:35.190490
www.wqw.planetsuzy.org,AVAILABILITY,hosts.list,2021-07-04 02:51:36.888234
www.xvideosamador.com.br,AVAILABILITY,hosts.list,2021-07-04 02:51:38.884398
www.xxxpussyteen.com,AVAILABILITY,hosts.list,2021-07-04 02:51:40.586364
www.xxxstreams.eu,AVAILABILITY,hosts.list,2021-07-04 02:51:42.238807
www.youho.com,AVAILABILITY,hosts.list,2021-07-04 02:52:25.260056
www.youngsexmoviez.com,AVAILABILITY,hosts.list,2021-07-04 02:52:27.534249
www.youngxxxvideoz.com,AVAILABILITY,hosts.list,2021-07-04 02:52:29.253428
www.zoo-fuck.net,AVAILABILITY,hosts.list,2021-07-04 02:52:30.488730
www1.bitporno.com,AVAILABILITY,hosts.list,2021-07-04 02:52:32.148906
www11.bitporno.com,AVAILABILITY,hosts.list,2021-07-04 02:52:33.931257
www12.bitporno.com,AVAILABILITY,hosts.list,2021-07-04 02:52:35.644282
www13.bitporno.com,AVAILABILITY,hosts.list,2021-07-04 02:52:37.365833
www14.bitporno.com,AVAILABILITY,hosts.list,2021-07-04 02:52:39.116483
www15.bitporno.com,AVAILABILITY,hosts.list,2021-07-04 02:52:40.834274
www16.bitporno.com,AVAILABILITY,hosts.list,2021-07-04 02:52:42.542272
www17.bitporno.com,AVAILABILITY,hosts.list,2021-07-04 02:52:44.235642
www18.bitporno.com,AVAILABILITY,hosts.list,2021-07-04 02:52:45.961502
www2.bitporno.com,AVAILABILITY,hosts.list,2021-07-04 02:52:47.675006
www5.bitporno.com,AVAILABILITY,hosts.list,2021-07-04 02:52:49.385649
www6.bitporno.com,AVAILABILITY,hosts.list,2021-07-04 02:52:51.102021
www7.bitporno.com,AVAILABILITY,hosts.list,2021-07-04 02:52:52.803929
xpornflix.xxx,AVAILABILITY,hosts.list,2021-07-04 02:52:59.835196
xxxlola.club,AVAILABILITY,hosts.list,2021-07-04 02:53:01.857728
xxxteen.kim,AVAILABILITY,hosts.list,2021-07-04 02:53:04.134013
youpornhd.co,AVAILABILITY,hosts.list,2021-07-04 02:53:05.920361
zoo-fuck.net,AVAILABILITY,hosts.list,2021-07-04 02:53:07.479836
zooporn.name,AVAILABILITY,hosts.list,2021-07-04 02:53:09.655842
niche.videosz.com,AVAILABILITY,hosts.list,2021-07-04 02:53:11.593004
pt.sexufly.com,AVAILABILITY,hosts.list,2021-07-04 02:53:13.519084
s.teennakedporn.com,AVAILABILITY,hosts.list,2021-07-04 02:53:15.820316
v2s2.85tube.net,AVAILABILITY,hosts.list,2021-07-04 02:53:17.761052
vid001.tahvids.cloud,AVAILABILITY,hosts.list,2021-07-04 02:53:19.698736
www.lewd.ninja,AVAILABILITY,hosts.list,2021-07-04 02:53:21.431360
www.linuxtycoon.com,AVAILABILITY,hosts.list,2021-07-04 02:53:26.544919
www.camshq.info,AVAILABILITY,hosts.list,2021-07-04 02:53:28.198993
www.pornhubthbh7ap3u.onion,AVAILABILITY,hosts.list,2021-07-04 02:53:29.853120
babe-1.glamourholes.com,AVAILABILITY,hosts.list,2021-07-04 02:53:31.130482
babe-2.glamourholes.com,AVAILABILITY,hosts.list,2021-07-04 02:53:32.347548
babe-3.glamourholes.com,AVAILABILITY,hosts.list,2021-07-04 02:53:33.599032
babe-4.glamourholes.com,AVAILABILITY,hosts.list,2021-07-04 02:53:34.814554
big-1.pornstarsbreasts.com,AVAILABILITY,hosts.list,2021-07-04 02:53:36.079324
big-2.pornstarsbreasts.com,AVAILABILITY,hosts.list,2021-07-04 02:53:37.321468
big-3.pornstarsbreasts.com,AVAILABILITY,hosts.list,2021-07-04 02:53:38.558991
big-4.pornstarsbreasts.com,AVAILABILITY,hosts.list,2021-07-04 02:53:39.805902
cdn29418352.ahacdn.me,AVAILABILITY,hosts.list,2021-07-04 02:53:41.425076
cdn2.layered-nylons.com,AVAILABILITY,hosts.list,2021-07-04 02:53:42.697597
52fikir.biz,AVAILABILITY,hosts.list,2021-07-04 02:53:44.723406
a.bitporno.com,AVAILABILITY,hosts.list,2021-07-04 02:53:46.358661
ads.playboy.bg,AVAILABILITY,hosts.list,2021-07-04 02:53:47.994607
ads.xxxbunker.com,AVAILABILITY,hosts.list,2021-07-04 02:53:49.645939
alabonnepipe.com,AVAILABILITY,hosts.list,2021-07-04 02:53:51.403057
am4-images.xcdnpro.com,AVAILABILITY,hosts.list,2021-07-04 02:53:52.648400
amateur-porn.tv,AVAILABILITY,hosts.list,2021-07-04 02:53:54.237946
amp.st.virgin.net,AVAILABILITY,hosts.list,2021-07-04 02:53:56.052719
angelclip.info,AVAILABILITY,hosts.list,2021-07-04 02:53:57.952133
angel.cn8828.com,AVAILABILITY,hosts.list,2021-07-04 02:53:59.852387
angel-dark.org,AVAILABILITY,hosts.list,2021-07-04 02:54:09.545259
animalporn.name,AVAILABILITY,hosts.list,2021-07-04 02:54:11.415165
animalsexdb.com,AVAILABILITY,hosts.list,2021-07-04 02:54:13.267145
anythingos.tumblr.com,AVAILABILITY,hosts.list,2021-07-04 02:54:14.004522
aquiwebcams.com,AVAILABILITY,hosts.list,2021-07-04 02:54:15.864820
banners.colegialasdesvirgadas.com,AVAILABILITY,hosts.list,2021-07-04 02:54:22.802561
banners.fuckingdrunks.com,AVAILABILITY,hosts.list,2021-07-04 02:54:24.592270
beardysfilthemporium.tumblr.com,AVAILABILITY,hosts.list,2021-07-04 02:54:25.462242
beeg.mom,AVAILABILITY,hosts.list,2021-07-04 02:54:27.603342
blaze312.tumblr.com,AVAILABILITY,hosts.list,2021-07-04 02:54:28.307641
buckangelbucks.com,AVAILABILITY,hosts.list,2021-07-04 02:54:30.377259
busty-asian.org,AVAILABILITY,hosts.list,2021-07-04 02:54:31.911913
cartoon-3x.com,AVAILABILITY,hosts.list,2021-07-04 02:54:33.454585
cartoonsexsite.org,AVAILABILITY,hosts.list,2021-07-04 02:54:35.428952
cdn1.freemilfs.porn,AVAILABILITY,hosts.list,2021-07-04 02:54:37.651897
cdn1.freesextube.porn,AVAILABILITY,hosts.list,2021-07-04 02:54:39.581816
cdn1-image-mofosex.spankcdn.net,AVAILABILITY,hosts.list,2021-07-04 02:54:41.091385
cdn1-public-spankwire.spankcdn.net,AVAILABILITY,hosts.list,2021-07-04 02:54:42.453210
cdn1-static-spankwire.spankcdn.net,AVAILABILITY,hosts.list,2021-07-04 02:54:43.831232
cdn1.yourhentaihome.com,AVAILABILITY,hosts.list,2021-07-04 02:55:25.918845
cdn2.freemilfs.porn,AVAILABILITY,hosts.list,2021-07-04 02:55:27.548596
cdn2.freesextube.porn,AVAILABILITY,hosts.list,2021-07-04 02:55:29.192643
cdn2-public-spankwire.spankcdn.net,AVAILABILITY,hosts.list,2021-07-04 02:55:30.458955
cdn2teensfilm.com,AVAILABILITY,hosts.list,2021-07-04 02:55:32.329332
cdn2.yourhentaihome.com,AVAILABILITY,hosts.list,2021-07-04 02:56:19.057794
cdn3.freemilfs.porn,AVAILABILITY,hosts.list,2021-07-04 02:56:20.746112
cdn3.freesextube.porn,AVAILABILITY,hosts.list,2021-07-04 02:56:22.412113
cdn3.yourhentaihome.com,AVAILABILITY,hosts.list,2021-07-04 02:57:09.103216
cdn4.ahporntube.com,AVAILABILITY,hosts.list,2021-07-04 02:57:10.837187
cdn4-image-spankwire.spankcdn.net,AVAILABILITY,hosts.list,2021-07-04 02:57:12.103087
cdn5.ahporntube.com,AVAILABILITY,hosts.list,2021-07-04 02:57:13.801933
cdn.analporn.club,AVAILABILITY,hosts.list,2021-07-04 02:57:15.541248
cdn.analtuber.com,AVAILABILITY,hosts.list,2021-07-04 02:57:22.502230
cdn.cocatube.com,AVAILABILITY,hosts.list,2021-07-04 02:57:24.223673
cdn.dupose.com,AVAILABILITY,hosts.list,2021-07-04 02:57:25.964648
cdn.javdoe.tv,AVAILABILITY,hosts.list,2021-07-04 02:57:27.661572
cesky-sex.cz,AVAILABILITY,hosts.list,2021-07-04 02:57:29.407660
chikcz.tumblr.com,AVAILABILITY,hosts.list,2021-07-04 02:57:30.107264
circleofxxx.com,AVAILABILITY,hosts.list,2021-07-04 02:57:31.956397
click2wap.com,AVAILABILITY,hosts.list,2021-07-04 02:57:33.716425
cummingwithconsequences.tumblr.com,AVAILABILITY,hosts.list,2021-07-04 02:57:34.437785
cuteagexoxo.tumblr.com,AVAILABILITY,hosts.list,2021-07-04 02:57:35.170208
d1.playboy.com,AVAILABILITY,hosts.list,2021-07-04 02:57:36.872620
d8u8a5x9.hwcdn.net,AVAILABILITY,hosts.list,2021-07-04 02:57:38.563809
desihotpoint.com,AVAILABILITY,hosts.list,2021-07-04 02:57:40.405135
dogdick.smackjeeves.com,AVAILABILITY,hosts.list,2021-07-04 02:58:27.094362
drunkporn.us,AVAILABILITY,hosts.list,2021-07-04 02:58:28.959554
fetishvideos.tumblr.com,AVAILABILITY,hosts.list,2021-07-04 02:58:29.656920
fitisar.tk,AVAILABILITY,hosts.list,2021-07-04 02:58:32.498816
freemilfs.porn,AVAILABILITY,hosts.list,2021-07-04 02:58:39.257099
freesextube.porn,AVAILABILITY,hosts.list,2021-07-04 02:58:45.979442
g8j8b9g6.hwcdn.net,AVAILABILITY,hosts.list,2021-07-04 02:58:47.714367
girl-1.19teenmovies.com,AVAILABILITY,hosts.list,2021-07-04 02:58:49.059235
girl-2.19teenmovies.com,AVAILABILITY,hosts.list,2021-07-04 02:58:50.309515
girl-3.19teenmovies.com,AVAILABILITY,hosts.list,2021-07-04 02:58:51.563696
girl-4.19teenmovies.com,AVAILABILITY,hosts.list,2021-07-04 02:58:52.806842
globaldating.online,AVAILABILITY,hosts.list,2021-07-04 02:58:54.817096
goonline13.online,AVAILABILITY,hosts.list,2021-07-04 02:58:56.807432
grandmasterscone.tumblr.com,AVAILABILITY,hosts.list,2021-07-04 02:58:57.504870
gungoin.tk,AVAILABILITY,hosts.list,2021-07-04 02:58:59.750163
hanaprop.com,AVAILABILITY,hosts.list,2021-07-04 02:59:01.663584
hapend.biz,AVAILABILITY,hosts.list,2021-07-04 02:59:03.443092
hosted.jolieandfriends.com,AVAILABILITY,hosts.list,2021-07-04 02:59:05.923241
images.hentainexus.com,AVAILABILITY,hosts.list,2021-07-04 02:59:07.705993
images.japaneseporn.xxx,AVAILABILITY,hosts.list,2021-07-04 02:59:09.498198
img1.anal-teen-sex.com,AVAILABILITY,hosts.list,2021-07-04 02:59:11.476840
img1.hqasianporn.org,AVAILABILITY,hosts.list,2021-07-04 02:59:13.914831
img1.teen-sex.tv,AVAILABILITY,hosts.list,2021-07-04 02:59:16.053565
img1.teenvideo.mobi,AVAILABILITY,hosts.list,2021-07-04 02:59:18.536865
img2.anal-teen-sex.com,AVAILABILITY,hosts.list,2021-07-04 02:59:20.428426
img2.teen-sex.tv,AVAILABILITY,hosts.list,2021-07-04 02:59:22.359892
img2.teenvideo.mobi,AVAILABILITY,hosts.list,2021-07-04 02:59:24.780641
img3.teenvideo.mobi,AVAILABILITY,hosts.list,2021-07-04 02:59:27.145425
img.anal-teen-sex.com,AVAILABILITY,hosts.list,2021-07-04 02:59:29.116914
i.nudesex.pro,AVAILABILITY,hosts.list,2021-07-04 02:59:31.021704
j6b5e5z4.hwcdn.net,AVAILABILITY,hosts.list,2021-07-04 02:59:32.762036
jerkoknet.tumblr.com,AVAILABILITY,hosts.list,2021-07-04 02:59:33.469995
jessyjames85.tumblr.com,AVAILABILITY,hosts.list,2021-07-04 02:59:34.166264
join.jolieandfriends.com,AVAILABILITY,hosts.list,2021-07-04 02:59:37.065172
lee1424.tumblr.com,AVAILABILITY,hosts.list,2021-07-04 02:59:37.771420
lilumania.pw,AVAILABILITY,hosts.list,2021-07-04 02:59:40.001699
lindek.tk,AVAILABILITY,hosts.list,2021-07-04 02:59:47.193144
littlegirls.top,AVAILABILITY,hosts.list,2021-07-04 02:59:50.995301
littlenudegirls.pw,AVAILABILITY,hosts.list,2021-07-04 02:59:53.278802
live.digitaldesire.com,AVAILABILITY,hosts.list,2021-07-04 02:59:55.318144
lovekicked.tumblr.com,AVAILABILITY,hosts.list,2021-07-04 02:59:56.019068
m4.imhentai.com,AVAILABILITY,hosts.list,2021-07-04 02:59:57.931270
marylovesporn.tumblr.com,AVAILABILITY,hosts.list,2021-07-04 02:59:58.653283
media.sortporn.com,AVAILABILITY,hosts.list,2021-07-04 03:00:00.731035
mobile-edge80.bcvcdn.com,AVAILABILITY,hosts.list,2021-07-04 03:00:02.618139
mobile-edge81.bcvcdn.com,AVAILABILITY,hosts.list,2021-07-04 03:00:04.292793
mobile-edge82.bcvcdn.com,AVAILABILITY,hosts.list,2021-07-04 03:00:06.144000
mobile-edge83.bcvcdn.com,AVAILABILITY,hosts.list,2021-07-04 03:00:08.052423
mobile-edge84.bcvcdn.com,AVAILABILITY,hosts.list,2021-07-04 03:00:09.948761
mobile-edge85.bcvcdn.com,AVAILABILITY,hosts.list,2021-07-04 03:00:11.800125
mobile-edge86.bcvcdn.com,AVAILABILITY,hosts.list,2021-07-04 03:00:13.854726
mobile-edge87.bcvcdn.com,AVAILABILITY,hosts.list,2021-07-04 03:00:15.681482
mobile-edge88.bcvcdn.com,AVAILABILITY,hosts.list,2021-07-04 03:00:17.574411
mobile-edge89.bcvcdn.com,AVAILABILITY,hosts.list,2021-07-04 03:00:19.361866
mobile-edge90.bcvcdn.com,AVAILABILITY,hosts.list,2021-07-04 03:00:21.341785
mobile-edge91.bcvcdn.com,AVAILABILITY,hosts.list,2021-07-04 03:00:23.202632
mobile-edge92.bcvcdn.com,AVAILABILITY,hosts.list,2021-07-04 03:00:25.016114
mobile-edge93.bcvcdn.com,AVAILABILITY,hosts.list,2021-07-04 03:00:27.021055
mobile-edge94.bcvcdn.com,AVAILABILITY,hosts.list,2021-07-04 03:00:28.651351
mobile-edge95.bcvcdn.com,AVAILABILITY,hosts.list,2021-07-04 03:00:30.504492
mobile-edge96.bcvcdn.com,AVAILABILITY,hosts.list,2021-07-04 03:00:32.378397
mobile-edge97.bcvcdn.com,AVAILABILITY,hosts.list,2021-07-04 03:00:34.054828
mobile-edge98.bcvcdn.com,AVAILABILITY,hosts.list,2021-07-04 03:00:35.861981
mobile-edge99.bcvcdn.com,AVAILABILITY,hosts.list,2021-07-04 03:00:37.602076
morrorsy.tk,AVAILABILITY,hosts.list,2021-07-04 03:00:40.519052
niarkman.tumblr.com,AVAILABILITY,hosts.list,2021-07-04 03:00:41.272786
nnwebcams.com,AVAILABILITY,hosts.list,2021-07-04 03:00:43.381282
novinhasmusa.tumblr.com,AVAILABILITY,hosts.list,2021-07-04 03:00:44.239939
nsfwxxxgifs.tumblr.com,AVAILABILITY,hosts.list,2021-07-04 03:00:44.961036
nudephotolinks.com,AVAILABILITY,hosts.list,2021-07-04 03:00:46.959459
orgiasreales.com,AVAILABILITY,hosts.list,2021-07-04 03:00:48.954516
pei-ads.playboy.com,AVAILABILITY,hosts.list,2021-07-04 03:00:50.676821
picture.teenamite.com,AVAILABILITY,hosts.list,2021-07-04 03:00:54.443334
piggypainslut.smackjeeves.com,AVAILABILITY,hosts.list,2021-07-04 03:01:41.104596
piporno.com,AVAILABILITY,hosts.list,2021-07-04 03:01:43.003150
porn4ladies.tumblr.com,AVAILABILITY,hosts.list,2021-07-04 03:01:43.726417
premium.sexu.com,AVAILABILITY,hosts.list,2021-07-04 03:01:45.475138
promo.camsoda.com,AVAILABILITY,hosts.list,2021-07-04 03:01:47.331116
punibe.tk,AVAILABILITY,hosts.list,2021-07-04 03:01:49.815237
pure-angel.net,AVAILABILITY,hosts.list,2021-07-04 03:01:51.177556
rearfuckhole.tumblr.com,AVAILABILITY,hosts.list,2021-07-04 03:01:51.900172
romancingyourwhore.tumblr.com,AVAILABILITY,hosts.list,2021-07-04 03:01:52.615767
rule34c.paheal.net,AVAILABILITY,hosts.list,2021-07-04 03:01:54.587306
s11.sluttydaddy.com,AVAILABILITY,hosts.list,2021-07-04 03:01:56.471584
searchingforavatar.tumblr.com,AVAILABILITY,hosts.list,2021-07-04 03:01:57.197243
sexyandweknow.it,AVAILABILITY,hosts.list,2021-07-04 03:01:59.739087
sexyfuckingmachines.tumblr.com,AVAILABILITY,hosts.list,2021-07-04 03:02:00.466662
s.freeteenpussypic.com,AVAILABILITY,hosts.list,2021-07-04 03:02:02.627076
softpornmustdie.tumblr.com,AVAILABILITY,hosts.list,2021-07-04 03:02:03.354018
static.akiba-online.com,AVAILABILITY,hosts.list,2021-07-04 03:02:04.853322
sumptuousdaydreams.tumblr.com,AVAILABILITY,hosts.list,2021-07-04 03:02:05.585636
s.xxxsexyteens.net,AVAILABILITY,hosts.list,2021-07-04 03:02:07.463965
tasabes.tk,AVAILABILITY,hosts.list,2021-07-04 03:02:09.976964
th1.momsex.biz,AVAILABILITY,hosts.list,2021-07-04 03:02:12.227582
th2.momsex.biz,AVAILABILITY,hosts.list,2021-07-04 03:02:14.409030
thegifer.tumblr.com,AVAILABILITY,hosts.list,2021-07-04 03:02:15.134815
themasturbatoreum.tumblr.com,AVAILABILITY,hosts.list,2021-07-04 03:02:15.857585
themoretheorgier.tumblr.com,AVAILABILITY,hosts.list,2021-07-04 03:02:16.700508
thicknessdelux.tumblr.com,AVAILABILITY,hosts.list,2021-07-04 03:02:17.419384
th.momsex.biz,AVAILABILITY,hosts.list,2021-07-04 03:02:19.556699
thumbs1.ifap.top,AVAILABILITY,hosts.list,2021-07-04 03:02:22.228610
tinyteen-x.pw,AVAILABILITY,hosts.list,2021-07-04 03:02:23.910790
topteens.pw,AVAILABILITY,hosts.list,2021-07-04 03:02:26.098425
unicorn.wereanimal.net,AVAILABILITY,hosts.list,2021-07-04 03:03:12.757143
veryspecialporn.tumblr.com,AVAILABILITY,hosts.list,2021-07-04 03:03:13.480230
ws7.staticporn.cc,AVAILABILITY,hosts.list,2021-07-04 03:03:15.217814
wukme.tumblr.com,AVAILABILITY,hosts.list,2021-07-04 03:03:15.936748
www.3dbadgirls.com,AVAILABILITY,hosts.list,2021-07-04 03:03:19.757934
www.88cum.com,AVAILABILITY,hosts.list,2021-07-04 03:03:24.655594
www.8maturepornmovies.com,AVAILABILITY,hosts.list,2021-07-04 03:03:26.422810
www.acompanhantesluxo.com,AVAILABILITY,hosts.list,2021-07-04 03:03:33.212397
www.acompanhantez.com,AVAILABILITY,hosts.list,2021-07-04 03:03:34.881195
www.ads.ero-advertising.com,AVAILABILITY,hosts.list,2021-07-04 03:03:36.136584
www.ads.playboy.bg,AVAILABILITY,hosts.list,2021-07-04 03:03:37.853829
www.adultblogtoplist.com,AVAILABILITY,hosts.list,2021-07-04 03:04:24.513144
www.adult-targeted-traffic.com,AVAILABILITY,hosts.list,2021-07-04 03:05:00.766067
www.adultvalleycash.com,AVAILABILITY,hosts.list,2021-07-04 03:05:02.489926
www.anal-webcams.com,AVAILABILITY,hosts.list,2021-07-04 03:05:03.748826
www.angelclip.info,AVAILABILITY,hosts.list,2021-07-04 03:05:05.523865
www.angelicmichele.com,AVAILABILITY,hosts.list,2021-07-04 03:05:09.343433
www.angelinaashe.net,AVAILABILITY,hosts.list,2021-07-04 03:05:11.050781
www.angelmode.com,AVAILABILITY,hosts.list,2021-07-04 03:05:13.673586
www.angelsofdeath.info,AVAILABILITY,hosts.list,2021-07-04 03:05:15.494704
www.animalporn.name,AVAILABILITY,hosts.list,2021-07-04 03:05:17.247747
www.animal-porno.xyz,AVAILABILITY,hosts.list,2021-07-04 03:05:23.772670
www.animalpornstudio.com,AVAILABILITY,hosts.list,2021-07-04 03:05:32.255977
www.animal-porn-videos.icu,AVAILABILITY,hosts.list,2021-07-04 03:05:33.711082
www.animalrating.com,AVAILABILITY,hosts.list,2021-07-04 03:05:35.419757
www.animalsexdb.com,AVAILABILITY,hosts.list,2021-07-04 03:05:37.136276
www.animal-sex-movie.biz,AVAILABILITY,hosts.list,2021-07-04 03:05:43.499282
www.animalsex.online,AVAILABILITY,hosts.list,2021-07-04 03:05:51.998724
www.antivirgins.com,AVAILABILITY,hosts.list,2021-07-04 03:06:38.660439
www.aquiwebcams.com,AVAILABILITY,hosts.list,2021-07-04 03:06:40.379519
www.asambleabenidorm2019.com,AVAILABILITY,hosts.list,2021-07-04 03:06:42.098307
www.bangextreme.se,AVAILABILITY,hosts.list,2021-07-04 03:07:28.793285
www.banners.colegialasdesvirgadas.com,AVAILABILITY,hosts.list,2021-07-04 03:07:40.801874
www.banners.fuckingdrunks.com,AVAILABILITY,hosts.list,2021-07-04 03:07:42.534319
www.bigboobswebcams.com,AVAILABILITY,hosts.list,2021-07-04 03:07:46.520057
www.bn.premiumhdv.com,AVAILABILITY,hosts.list,2021-07-04 03:07:48.209378
www.buckangelbucks.com,AVAILABILITY,hosts.list,2021-07-04 03:07:49.888947
www.bunchafreepics.com,AVAILABILITY,hosts.list,2021-07-04 03:07:51.597235
www.busty-asian.org,AVAILABILITY,hosts.list,2021-07-04 03:07:52.855986
www.canalwebcams.com,AVAILABILITY,hosts.list,2021-07-04 03:07:54.555249
www.cartoon-3x.com,AVAILABILITY,hosts.list,2021-07-04 03:07:55.819407
www.cdn1.premiumhdv.com,AVAILABILITY,hosts.list,2021-07-04 03:07:57.542400
www.cesky-sex.cz,AVAILABILITY,hosts.list,2021-07-04 03:07:58.891947
www.chaturbate.eu,AVAILABILITY,hosts.list,2021-07-04 03:08:00.632741
www.circleofxxx.com,AVAILABILITY,hosts.list,2021-07-04 03:08:02.344965
www.collegesexlives.com,AVAILABILITY,hosts.list,2021-07-04 03:08:04.069342
www.dangelopalace.com,AVAILABILITY,hosts.list,2021-07-04 03:08:10.160907
www.depravedangels.com,AVAILABILITY,hosts.list,2021-07-04 03:08:11.860934
www.desihotpoint.com,AVAILABILITY,hosts.list,2021-07-04 03:08:13.563516
www.dicktricks.com,AVAILABILITY,hosts.list,2021-07-04 03:09:00.297809
www.dogdick.smackjeeves.com,AVAILABILITY,hosts.list,2021-07-04 03:09:47.002558
www.ebonypichunter.com,AVAILABILITY,hosts.list,2021-07-04 03:09:48.753375
www.erowebcams.com,AVAILABILITY,hosts.list,2021-07-04 03:09:50.431595
www.escort69.pt,AVAILABILITY,hosts.list,2021-07-04 03:09:52.103915
www.escortportomafalda.tk,AVAILABILITY,hosts.list,2021-07-04 03:09:54.138422
www.euphoriaporn.com,AVAILABILITY,hosts.list,2021-07-04 03:10:36.397984
www.evaangelina.fr,AVAILABILITY,hosts.list,2021-07-04 03:10:38.136899
www.filipinavirgin.net,AVAILABILITY,hosts.list,2021-07-04 03:10:39.872051
www.forum.literotica.com,AVAILABILITY,hosts.list,2021-07-04 03:10:41.608555
www.freeanimalporn.xyz,AVAILABILITY,hosts.list,2021-07-04 03:10:50.023857
www.free.fuckbook.cm,AVAILABILITY,hosts.list,2021-07-04 03:10:52.528928
www.freemilfs.porn,AVAILABILITY,hosts.list,2021-07-04 03:10:54.887783
www.freepornretro.com,AVAILABILITY,hosts.list,2021-07-04 03:10:56.567640
www.freesextube.porn,AVAILABILITY,hosts.list,2021-07-04 03:10:58.222314
www.fuckbook.cm,AVAILABILITY,hosts.list,2021-07-04 03:11:00.035790
www.fuckedbabes.com,AVAILABILITY,hosts.list,2021-07-04 03:11:01.782616
www.fuckervids.com,AVAILABILITY,hosts.list,2021-07-04 03:11:03.496835
www.galleries.aebn.net,AVAILABILITY,hosts.list,2021-07-04 03:11:05.276345
www.galleries.danimiles.com,AVAILABILITY,hosts.list,2021-07-04 03:11:06.987377
www.galleries.fuckingdrunks.com,AVAILABILITY,hosts.list,2021-07-04 03:11:08.635416
www.gaytwinkwebcams.com,AVAILABILITY,hosts.list,2021-07-04 03:11:10.313228
www.girlsdoporn.com,AVAILABILITY,hosts.list,2021-07-04 03:11:56.971962
www.girlslux.pt,AVAILABILITY,hosts.list,2021-07-04 03:11:58.720809
www.grannyporn.xxx,AVAILABILITY,hosts.list,2021-07-04 03:12:00.534731
www.greenangelonline.com,AVAILABILITY,hosts.list,2021-07-04 03:12:02.208484
www.harddaddy.com,AVAILABILITY,hosts.list,2021-07-04 03:12:48.902269
www.hardfreshmen.com,AVAILABILITY,hosts.list,2021-07-04 03:12:50.638668
www.hardwayout.com,AVAILABILITY,hosts.list,2021-07-04 03:12:54.413198
www.hdmmovies.sex,AVAILABILITY,hosts.list,2021-07-04 03:12:56.272322
www.hentaiweeb.com,AVAILABILITY,hosts.list,2021-07-04 03:13:42.964449
www.herfirstdv.biz,AVAILABILITY,hosts.list,2021-07-04 03:13:44.660344
www.horse-sex.xyz,AVAILABILITY,hosts.list,2021-07-04 03:13:55.487916
www.hot-animal-porn.biz,AVAILABILITY,hosts.list,2021-07-04 03:14:01.813914
www.hotfetishwebcams.com,AVAILABILITY,hosts.list,2021-07-04 03:14:03.485035
www.hotgaylist.xxx,AVAILABILITY,hosts.list,2021-07-04 03:14:05.139239
www.hughsangels.proboards27.com,AVAILABILITY,hosts.list,2021-07-04 03:14:07.119085
www.hunting-for-bambi.com,AVAILABILITY,hosts.list,2021-07-04 03:14:08.421493
www.ifriends.net,AVAILABILITY,hosts.list,2021-07-04 03:14:55.153723
www.innocenthentai.com,AVAILABILITY,hosts.list,2021-07-04 03:14:56.837851
www.ipadporns.xxx,AVAILABILITY,hosts.list,2021-07-04 03:15:02.654898
www.ivanafukalot.com,AVAILABILITY,hosts.list,2021-07-04 03:15:49.349615
www.japanxangels.com,AVAILABILITY,hosts.list,2021-07-04 03:15:51.029595
www.javhq.net,AVAILABILITY,hosts.list,2021-07-04 03:15:52.961995
www.join.realsexdates.com,AVAILABILITY,hosts.list,2021-07-04 03:15:54.667357
www.kolyomfilm.com,AVAILABILITY,hosts.list,2021-07-04 03:15:56.350255
www.lenaporn.net,AVAILABILITY,hosts.list,2021-07-04 03:16:24.446030
xxxhotgifs.tumblr.com,AVAILABILITY,hosts.list,2021-07-04 03:16:25.344084
xxxsexxx.tumblr.com,AVAILABILITY,hosts.list,2021-07-04 03:16:26.070619
pichost4.xporn.host,AVAILABILITY,hosts.list,2021-07-04 03:16:27.916894
pichost5.xporn.host,AVAILABILITY,hosts.list,2021-07-04 03:16:29.796330
pichost6.xporn.host,AVAILABILITY,hosts.list,2021-07-04 03:16:31.594688
pichost7.xporn.host,AVAILABILITY,hosts.list,2021-07-04 03:16:33.439895
pichost8.xporn.host,AVAILABILITY,hosts.list,2021-07-04 03:16:35.203069
ts1.amateurtrannycam.com,AVAILABILITY,hosts.list,2021-07-04 03:16:37.089598
ts2.amateurtrannycam.com,AVAILABILITY,hosts.list,2021-07-04 03:16:38.897770
ts3.amateurtrannycam.com,AVAILABILITY,hosts.list,2021-07-04 03:16:40.689668
ts4.amateurtrannycam.com,AVAILABILITY,hosts.list,2021-07-04 03:16:42.456567
ts5.amateurtrannycam.com,AVAILABILITY,hosts.list,2021-07-04 03:16:44.207243
www.honeyvirgins.com,AVAILABILITY,hosts.list,2021-07-04 03:16:45.998777
hls.static.reallifecam.com,AVAILABILITY,hosts.list,2021-07-04 03:17:07.143610
www.static.ads.crakmedia.com,AVAILABILITY,hosts.list,2021-07-04 03:17:09.826823
banners.lesbianascerdas.com,AVAILABILITY,hosts.list,2021-07-04 03:17:11.628049
cdn.niceteentubes.com,AVAILABILITY,hosts.list,2021-07-04 03:17:13.490668
cdn.teenafterteen.com,AVAILABILITY,hosts.list,2021-07-04 03:17:15.359026
cdn.teenfreshporn.com,AVAILABILITY,hosts.list,2021-07-04 03:17:17.256211
cdn.teenliketube.com,AVAILABILITY,hosts.list,2021-07-04 03:17:19.237537
cdn.teenlovestube.com,AVAILABILITY,hosts.list,2021-07-04 03:17:21.175482
fpvo4.1porn.press,AVAILABILITY,hosts.list,2021-07-04 03:17:23.735811
fpvo5.1porn.press,AVAILABILITY,hosts.list,2021-07-04 03:17:25.461894
fpvo6.1porn.press,AVAILABILITY,hosts.list,2021-07-04 03:17:27.409621
fpvo7.1porn.press,AVAILABILITY,hosts.list,2021-07-04 03:17:29.222049
fpvo8.1porn.press,AVAILABILITY,hosts.list,2021-07-04 03:17:31.033805
galleries.pornstarsbreasts.com,AVAILABILITY,hosts.list,2021-07-04 03:17:32.946162
naughtyteens.eu,AVAILABILITY,hosts.list,2021-07-04 03:17:35.125548
www.arabvirgin.com,AVAILABILITY,hosts.list,2021-07-04 03:17:37.033456
www.banners.lesbianascerdas.com,AVAILABILITY,hosts.list,2021-07-04 03:17:38.958993
www.digitalangelblog.com,AVAILABILITY,hosts.list,2021-07-04 03:17:40.956890
www.first-mature.com,AVAILABILITY,hosts.list,2021-07-04 03:18:20.869373
www.freeshemale.porn,AVAILABILITY,hosts.list,2021-07-04 03:18:22.562311
www.karupsgalleries.com,AVAILABILITY,hosts.list,2021-07-04 03:18:36.253332
www.loa6.com,AVAILABILITY,hosts.list,2021-07-04 03:18:37.964516
www.lookvirgin.com,AVAILABILITY,hosts.list,2021-07-04 03:18:39.678787
www.lotzawebcams.com,AVAILABILITY,hosts.list,2021-07-04 03:18:41.389495
www.lubetube.com,AVAILABILITY,hosts.list,2021-07-04 03:19:28.092143
www.lucifersdarkangel.co.uk,AVAILABILITY,hosts.list,2021-07-04 03:20:10.780938
www.madamezelda.smackjeeves.com,AVAILABILITY,hosts.list,2021-07-04 03:20:57.484704
www.members.flashybabes.com,AVAILABILITY,hosts.list,2021-07-04 03:20:59.339630
www.members.realsexdates.com,AVAILABILITY,hosts.list,2021-07-04 03:21:01.172589
www.menssexguide.com,AVAILABILITY,hosts.list,2021-07-04 03:21:16.903068
www.milf-area.com.au,AVAILABILITY,hosts.list,2021-07-04 03:21:18.222793
www.milfxxxtubevideos.com,AVAILABILITY,hosts.list,2021-07-04 03:21:19.944570
www.monpornofrancais.com,AVAILABILITY,hosts.list,2021-07-04 03:22:06.634215
www.mozazbnat.info,AVAILABILITY,hosts.list,2021-07-04 03:22:08.484717
www.mrvideoporno.xxx,AVAILABILITY,hosts.list,2021-07-04 03:22:10.186965
www.msbehaviour.co.uk,AVAILABILITY,hosts.list,2021-07-04 03:22:11.947111
www.nannygoat.smackjeeves.com,AVAILABILITY,hosts.list,2021-07-04 03:22:58.643266
www.natursekt.tv,AVAILABILITY,hosts.list,2021-07-04 03:23:00.375598
www.netnet50.com,AVAILABILITY,hosts.list,2021-07-04 03:23:02.098795
www.nnwebcams.com,AVAILABILITY,hosts.list,2021-07-04 03:23:03.843901
www.nonk.nonk.info,AVAILABILITY,hosts.list,2021-07-04 03:23:05.675517
www.norskporno.xxx,AVAILABILITY,hosts.list,2021-07-04 03:23:07.378980
www.nsfwjpg.com,AVAILABILITY,hosts.list,2021-07-04 03:23:09.284944
www.nudephotolinks.com,AVAILABILITY,hosts.list,2021-07-04 03:23:11.022905
www.nylonclit.com,AVAILABILITY,hosts.list,2021-07-04 03:23:24.000689
www.orgiasreales.com,AVAILABILITY,hosts.list,2021-07-04 03:23:25.681597
www.otcams.com,AVAILABILITY,hosts.list,2021-07-04 03:23:38.931859
www.pecadooriginal.pt,AVAILABILITY,hosts.list,2021-07-04 03:23:41.419730
www.pecadosexy.com,AVAILABILITY,hosts.list,2021-07-04 03:23:43.860700
www.peeperz.com,AVAILABILITY,hosts.list,2021-07-04 03:23:46.302724
www.pervygames.com,AVAILABILITY,hosts.list,2021-07-04 03:23:54.102663
www.piggypainslut.smackjeeves.com,AVAILABILITY,hosts.list,2021-07-04 03:24:40.809915
www.piporno.com,AVAILABILITY,hosts.list,2021-07-04 03:24:42.485122
www.plumpteens.net,AVAILABILITY,hosts.list,2021-07-04 03:24:44.162330
www.pornbraze.com,AVAILABILITY,hosts.list,2021-07-04 03:24:45.852500
www.porncomics.biz,AVAILABILITY,hosts.list,2021-07-04 03:25:01.835732
www.porn.es,AVAILABILITY,hosts.list,2021-07-04 03:25:04.332476
www.pornhubshemale.com,AVAILABILITY,hosts.list,2021-07-04 03:25:50.998739
www.pornofico.com,AVAILABILITY,hosts.list,2021-07-04 03:25:53.411004
www.pornoinitaliano.it,AVAILABILITY,hosts.list,2021-07-04 03:25:55.851812
www.pornokura.it,AVAILABILITY,hosts.list,2021-07-04 03:25:58.299556
www.pornolaba.com,AVAILABILITY,hosts.list,2021-07-04 03:26:45.008843
www.pornomexicana.com.mx,AVAILABILITY,hosts.list,2021-07-04 03:26:46.854982
www.pornopics.co,AVAILABILITY,hosts.list,2021-07-04 03:26:48.676082
www.porn.org,AVAILABILITY,hosts.list,2021-07-04 03:27:35.339603
www.pornstreams.eu,AVAILABILITY,hosts.list,2021-07-04 03:27:37.121208
www.pornvideost.com,AVAILABILITY,hosts.list,2021-07-04 03:28:23.820069
www.preggowebcams.com,AVAILABILITY,hosts.list,2021-07-04 03:28:25.491081
www.pussypush.com,AVAILABILITY,hosts.list,2021-07-04 03:28:27.169057
www.usa-webcams.com,AVAILABILITY,hosts.list,2021-07-04 03:28:28.440317
www.vid2c.com,AVAILABILITY,hosts.list,2021-07-04 03:28:30.123421
m.bondagetube.tv,AVAILABILITY,mobile.list,2021-07-04 03:30:10.509920
m.emilysplayground.com,AVAILABILITY,mobile.list,2021-07-04 04:06:38.966405
m.pussypush.com,AVAILABILITY,mobile.list,2021-07-04 04:06:40.618856
m.sweetvirgins.com,AVAILABILITY,mobile.list,2021-07-04 04:06:42.518810
m.voffka.com,AVAILABILITY,mobile.list,2021-07-04 04:06:45.793574
m.youpornx.com,AVAILABILITY,mobile.list,2021-07-04 04:06:47.770987
m.2016porno.com,AVAILABILITY,mobile.list,2021-07-04 04:06:49.480111
m.2017porn.com,AVAILABILITY,mobile.list,2021-07-04 04:06:51.298755
m.3dbadgirls.com,AVAILABILITY,mobile.list,2021-07-04 04:07:03.613119
m.777porn.com,AVAILABILITY,mobile.list,2021-07-04 04:07:05.939247
m.analxtv.com,AVAILABILITY,mobile.list,2021-07-04 04:07:07.772940
m.apornvideos.com,AVAILABILITY,mobile.list,2021-07-04 04:07:09.498161
m.beaverbattle.com,AVAILABILITY,mobile.list,2021-07-04 04:07:11.567134
m.cosmid.net,AVAILABILITY,mobile.list,2021-07-04 04:07:13.395916
m.erotica7.com,AVAILABILITY,mobile.list,2021-07-04 04:07:15.052012
m.escortportugalgirlfriend.com,AVAILABILITY,mobile.list,2021-07-04 04:07:16.979471
m.euphoriaporn.com,AVAILABILITY,mobile.list,2021-07-04 04:08:03.531419
m.filmepornoxxx.net,AVAILABILITY,mobile.list,2021-07-04 04:08:05.067452
m.freeinterracialgalleries.com,AVAILABILITY,mobile.list,2021-07-04 04:08:06.642587
m.freejuicywebcams.com,AVAILABILITY,mobile.list,2021-07-04 04:08:08.230534
m.fuckervids.com,AVAILABILITY,mobile.list,2021-07-04 04:08:09.787758
m.gamelink.com,AVAILABILITY,mobile.list,2021-07-04 04:08:11.348160
m.hardcorepornparty.com,AVAILABILITY,mobile.list,2021-07-04 04:08:12.911713
m.harddickproject.com,AVAILABILITY,mobile.list,2021-07-04 04:08:19.613896
m.hardfreshmen.com,AVAILABILITY,mobile.list,2021-07-04 04:08:21.118252
m.hardsextube.com,AVAILABILITY,mobile.list,2021-07-04 04:08:22.617084
m.heavenlytranny.com,AVAILABILITY,mobile.list,2021-07-04 04:08:29.386322
m.herfirstdv.biz,AVAILABILITY,mobile.list,2021-07-04 04:08:30.911844
m.holytaco.com,AVAILABILITY,mobile.list,2021-07-04 04:08:32.483363
m.hookup.com,AVAILABILITY,mobile.list,2021-07-04 04:08:34.063448
m.hotfetishwebcams.com,AVAILABILITY,mobile.list,2021-07-04 04:08:35.683544
m.hunting-for-bambi.com,AVAILABILITY,mobile.list,2021-07-04 04:08:36.855411
m.i-am-bored.com,AVAILABILITY,mobile.list,2021-07-04 04:08:38.495273
m.ifriends.net,AVAILABILITY,mobile.list,2021-07-04 04:09:24.964421
m.innocenthentai.com,AVAILABILITY,mobile.list,2021-07-04 04:09:26.520649
m.ivanafukalot.com,AVAILABILITY,mobile.list,2021-07-04 04:10:13.003425
m.justmatureporn.com,AVAILABILITY,mobile.list,2021-07-04 04:10:20.326868
m.kingpinmedia.net,AVAILABILITY,mobile.list,2021-07-04 04:10:21.853992
m.kodiefiles.nl,AVAILABILITY,mobile.list,2021-07-04 04:10:23.576172
m.l-virgin.us,AVAILABILITY,mobile.list,2021-07-04 04:10:24.660444
m.latex-bitches.com,AVAILABILITY,mobile.list,2021-07-04 04:10:25.786083
m.livejasminwebcams.com,AVAILABILITY,mobile.list,2021-07-04 04:10:27.353306
m.loa6.com,AVAILABILITY,mobile.list,2021-07-04 04:10:28.874634
m.lookvirgin.com,AVAILABILITY,mobile.list,2021-07-04 04:10:30.427742
m.lubetube.com,AVAILABILITY,mobile.list,2021-07-04 04:11:16.941651
m.lubeyourtube.com,AVAILABILITY,mobile.list,2021-07-04 04:11:18.604493
m.madamezelda.smackjeeves.com,AVAILABILITY,mobile.list,2021-07-04 04:12:05.088532
m.meatbeerbabes.com,AVAILABILITY,mobile.list,2021-07-04 04:12:06.895863
m.milta1980.co.uk,AVAILABILITY,mobile.list,2021-07-04 04:12:08.475414
m.nannygoat.smackjeeves.com,AVAILABILITY,mobile.list,2021-07-04 04:12:54.985120
m.netnet50.com,AVAILABILITY,mobile.list,2021-07-04 04:12:56.473488
m.nsfwjpg.com,AVAILABILITY,mobile.list,2021-07-04 04:12:58.182563
m.plumpteens.net,AVAILABILITY,mobile.list,2021-07-04 04:12:59.665593
m.porndeva.com,AVAILABILITY,mobile.list,2021-07-04 04:13:01.159061
m.porno-maniac.net,AVAILABILITY,mobile.list,2021-07-04 04:13:02.248409
m.pornohotvideos.com,AVAILABILITY,mobile.list,2021-07-04 04:13:14.139164
m.pornokura.it,AVAILABILITY,mobile.list,2021-07-04 04:13:16.020234
m.pornoxxxclips.com,AVAILABILITY,mobile.list,2021-07-04 04:13:28.208554
m.pornurl.pw,AVAILABILITY,mobile.list,2021-07-04 04:13:29.727058
m.reblop.com,AVAILABILITY,mobile.list,2021-07-04 04:13:31.247836
m.sashafucksdasha.com,AVAILABILITY,mobile.list,2021-07-04 04:14:17.767611
m.sex2inc.com,AVAILABILITY,mobile.list,2021-07-04 04:14:19.251352
m.sexdisney.com,AVAILABILITY,mobile.list,2021-07-04 04:14:20.826867
m.sexfind.com,AVAILABILITY,mobile.list,2021-07-04 04:14:22.459966
m.sextronix.com,AVAILABILITY,mobile.list,2021-07-04 04:15:04.548919
m.shemalebot.com,AVAILABILITY,mobile.list,2021-07-04 04:15:06.188638
m.shemlivenow.com,AVAILABILITY,mobile.list,2021-07-04 04:15:07.781488
m.sissycedric.smackjeeves.com,AVAILABILITY,mobile.list,2021-07-04 04:15:54.294783
m.slutroulette.com,AVAILABILITY,mobile.list,2021-07-04 04:15:55.853441
m.socalmovies.com,AVAILABILITY,mobile.list,2021-07-04 04:16:04.863856
m.sunny-thumbs.com,AVAILABILITY,mobile.list,2021-07-04 04:16:06.010837
m.support.sextronix.com,AVAILABILITY,mobile.list,2021-07-04 04:16:47.996731
m.tastyangels.com,AVAILABILITY,mobile.list,2021-07-04 04:16:54.897991
m.tiffanytyler.com,AVAILABILITY,mobile.list,2021-07-04 04:16:56.671371
m.todowebcams.com,AVAILABILITY,mobile.list,2021-07-04 04:16:58.318819
m.topnotchwebcams.com,AVAILABILITY,mobile.list,2021-07-04 04:16:59.983760
m.torontoangels.com,AVAILABILITY,mobile.list,2021-07-04 04:17:01.602803
m.vickyvirgin.com,AVAILABILITY,mobile.list,2021-07-04 04:17:03.274175
m.vid2c.com,AVAILABILITY,mobile.list,2021-07-04 04:17:04.907184
m.virgin-coconut-oil.info,AVAILABILITY,mobile.list,2021-07-04 04:17:06.181174
m.virgin-paradize.com,AVAILABILITY,mobile.list,2021-07-04 04:17:07.422438
m.virginkitty.com,AVAILABILITY,mobile.list,2021-07-04 04:17:19.652723
m.virginradio.fr,AVAILABILITY,mobile.list,2021-07-04 04:17:21.186804
m.viximporn.org,AVAILABILITY,mobile.list,2021-07-04 04:17:22.718517
m.vrshemaletube.com,AVAILABILITY,mobile.list,2021-07-04 04:17:24.276495
m.welcome.ivanafukalot.com,AVAILABILITY,mobile.list,2021-07-04 04:18:10.758197
m.welcome.sashafucksdasha.com,AVAILABILITY,mobile.list,2021-07-04 04:18:53.346983
m.wet-babe.com,AVAILABILITY,mobile.list,2021-07-04 04:18:54.576757
m.whatporntoday.com,AVAILABILITY,mobile.list,2021-07-04 04:18:56.149700
m.youngsexmoviez.com,AVAILABILITY,mobile.list,2021-07-04 04:18:57.711216
m.youpornhd.co,AVAILABILITY,mobile.list,2021-07-04 04:18:59.272529
m.yourdirtymind.com,AVAILABILITY,mobile.list,2021-07-04 04:19:01.021867
m.yourlustmovies.com,AVAILABILITY,mobile.list,2021-07-04 04:19:02.607225
m.foreqew.angelfire.com,AVAILABILITY,mobile.list,2021-07-04 04:19:04.124505
m.fudochi.angelfire.com,AVAILABILITY,mobile.list,2021-07-04 04:19:05.512798
m.fymeir.angelfire.com,AVAILABILITY,mobile.list,2021-07-04 04:19:06.791547
m.gatelevel.angelfire.com,AVAILABILITY,mobile.list,2021-07-04 04:19:08.108516
m.gdoeuut.angelfire.com,AVAILABILITY,mobile.list,2021-07-04 04:19:09.413921
m.gjuoloi.angelfire.com,AVAILABILITY,mobile.list,2021-07-04 04:19:10.700661
m.gqigjgs.angelfire.com,AVAILABILITY,mobile.list,2021-07-04 04:19:11.926056
m.gregorie.angelfire.com,AVAILABILITY,mobile.list,2021-07-04 04:19:13.182887
m.hegixic.angelfire.com,AVAILABILITY,mobile.list,2021-07-04 04:19:14.439385
m.highwaydude.angelfire.com,AVAILABILITY,mobile.list,2021-07-04 04:19:15.703245
m.hpiffnt.angelfire.com,AVAILABILITY,mobile.list,2021-07-04 04:19:16.964890
m.immxdzc.angelfire.com,AVAILABILITY,mobile.list,2021-07-04 04:19:18.153978
m.iuehulb.angelfire.com,AVAILABILITY,mobile.list,2021-07-04 04:19:19.364909
m.jrpfekf.angelfire.com,AVAILABILITY,mobile.list,2021-07-04 04:19:20.679228
m.judvouj.angelfire.com,AVAILABILITY,mobile.list,2021-07-04 04:19:21.934537
m.jugesoya.angelfire.com,AVAILABILITY,mobile.list,2021-07-04 04:19:23.238558
m.kipafaqi.angelfire.com,AVAILABILITY,mobile.list,2021-07-04 04:19:24.447801
m.koolhotsauce.angelfire.com,AVAILABILITY,mobile.list,2021-07-04 04:19:25.656890
m.lkatpis.angelfire.com,AVAILABILITY,mobile.list,2021-07-04 04:19:27.447836
m.lrhmuyl.angelfire.com,AVAILABILITY,mobile.list,2021-07-04 04:19:28.651074
m.magnushjelm.angelfire.com,AVAILABILITY,mobile.list,2021-07-04 04:19:29.839778
m.mayored.angelfire.com,AVAILABILITY,mobile.list,2021-07-04 04:19:31.028998
m.mikouaa.angelfire.com,AVAILABILITY,mobile.list,2021-07-04 04:19:32.242795
m.msxolne.angelfire.com,AVAILABILITY,mobile.list,2021-07-04 04:19:33.497043
m.mviakog.angelfire.com,AVAILABILITY,mobile.list,2021-07-04 04:19:34.686301
m.netbulb.angelfire.com,AVAILABILITY,mobile.list,2021-07-04 04:19:35.885816
m.saxumeda.angelfire.com,AVAILABILITY,mobile.list,2021-07-04 04:19:37.093860
m.secehira.angelfire.com,AVAILABILITY,mobile.list,2021-07-04 04:19:38.285629
m.serilobe.angelfire.com,AVAILABILITY,mobile.list,2021-07-04 04:19:39.492219
m.sidebar.angelfire.com,AVAILABILITY,mobile.list,2021-07-04 04:19:40.715934
m.sovujva.angelfire.com,AVAILABILITY,mobile.list,2021-07-04 04:19:41.908601
m.swolangedijk.angelfire.com,AVAILABILITY,mobile.list,2021-07-04 04:19:43.181836
m.teqajopi.angelfire.com,AVAILABILITY,mobile.list,2021-07-04 04:19:44.430877
m.tgzleif.angelfire.com,AVAILABILITY,mobile.list,2021-07-04 04:19:45.815369
m.tradgardshus.angelfire.com,AVAILABILITY,mobile.list,2021-07-04 04:19:47.038668
m.tuakcba.angelfire.com,AVAILABILITY,mobile.list,2021-07-04 04:19:48.228866
m.tukejrh.angelfire.com,AVAILABILITY,mobile.list,2021-07-04 04:19:49.613841
m.unuzroe.angelfire.com,AVAILABILITY,mobile.list,2021-07-04 04:19:50.867311
m.veraezz.angelfire.com,AVAILABILITY,mobile.list,2021-07-04 04:19:52.128231
m.viacrux.angelfire.com,AVAILABILITY,mobile.list,2021-07-04 04:19:53.439441
m.vuioirq.angelfire.com,AVAILABILITY,mobile.list,2021-07-04 04:19:54.660220
m.wbaiema.angelfire.com,AVAILABILITY,mobile.list,2021-07-04 04:19:55.867641
m.wbfbyr.angelfire.com,AVAILABILITY,mobile.list,2021-07-04 04:19:57.056990
m.welve6.angelfire.com,AVAILABILITY,mobile.list,2021-07-04 04:19:58.274704
m.wooyeoh.angelfire.com,AVAILABILITY,mobile.list,2021-07-04 04:19:59.532788
m.honeyvirgins.com,AVAILABILITY,mobile.list,2021-07-04 04:20:01.192461
32.174.136.140.78,AVAILABILITY,rpz-ip,2021-07-04 04:20:01.889954
32.175.136.140.78,AVAILABILITY,rpz-ip,2021-07-04 04:20:02.388555
32.18.213.23.185,AVAILABILITY,rpz-ip,2021-07-04 04:20:03.029539
32.189.51.95.209,AVAILABILITY,rpz-ip,2021-07-04 04:20:03.525849
32.19.213.23.185,AVAILABILITY,rpz-ip,2021-07-04 04:20:04.069700
32.20.213.23.185,AVAILABILITY,rpz-ip,2021-07-04 04:20:04.542930
32.220.99.187.194,AVAILABILITY,rpz-ip,2021-07-04 04:20:05.043747
32.221.99.187.194,AVAILABILITY,rpz-ip,2021-07-04 04:20:05.540277
32.222.99.187.194,AVAILABILITY,rpz-ip,2021-07-04 04:20:06.067859
32.223.105.126.209,AVAILABILITY,rpz-ip,2021-07-04 04:20:06.562363
32.223.99.187.194,AVAILABILITY,rpz-ip,2021-07-04 04:20:07.102627
32.224.99.187.194,AVAILABILITY,rpz-ip,2021-07-04 04:20:07.678875
32.236.95.217.185,AVAILABILITY,rpz-ip,2021-07-04 04:20:08.221066
32.242.182.208.173,AVAILABILITY,rpz-ip,2021-07-04 04:20:08.741078
32.43.150.158.51,AVAILABILITY,rpz-ip,2021-07-04 04:20:09.303445
32.55.66.199.128,AVAILABILITY,rpz-ip,2021-07-04 04:20:09.808466
32.179.40.170.178,AVAILABILITY,rpz-ip,2021-07-04 04:20:10.372045
32.184.4.239.222,AVAILABILITY,rpz-ip,2021-07-04 04:20:10.946016
32.174.108.251.162,AVAILABILITY,rpz-ip,2021-07-04 04:20:11.466439
32.134.184.98.87,AVAILABILITY,rpz-ip,2021-07-04 04:20:11.955982
grannyporn.xxx,AVAILABILITY,wildcard.list,2021-07-04 05:18:07.009208
milf-area.com.au,AVAILABILITY,wildcard.list,2021-07-04 05:18:08.671630
playporngames.xxx,AVAILABILITY,wildcard.list,2021-07-04 05:18:15.431907
alohateens,AVAILABILITY,wildcard.list,2021-07-04 05:18:25.923154
animalporn.name,AVAILABILITY,wildcard.list,2021-07-04 05:18:27.699089
animalsexdb.com,AVAILABILITY,wildcard.list,2021-07-04 05:18:29.498588
asambleabenidorm2019.com,AVAILABILITY,wildcard.list,2021-07-04 05:18:31.251377
drunkporn.us,AVAILABILITY,wildcard.list,2021-07-04 05:18:33.067942
igayporn.tv.sds.rncdn7.co,AVAILABILITY,wildcard.list,2021-07-04 05:18:34.667601
porn,AVAILABILITY,wildcard.list,2021-07-04 05:18:45.229986
sex,AVAILABILITY,wildcard.list,2021-07-04 05:18:55.855410
watchmalesex.co,AVAILABILITY,wildcard.list,2021-07-04 05:18:57.762926
xxx,AVAILABILITY,wildcard.list,2021-07-04 05:19:08.300716
pornhubthbh7ap3u.onion,AVAILABILITY,wildcard.list,2021-07-04 05:19:09.976775
t8cdn.fr,AVAILABILITY,wildcard.list,2021-07-04 05:19:13.513483
cdn2teensfilm.com,AVAILABILITY,strict.hosts.list,2021-07-04 05:20:14.215463
cds.g2b5n5j3.hwcdn.net,AVAILABILITY,domains.list,2021-07-05 14:05:40.819304
cds.r8v8f6m5.hwcdn.net,AVAILABILITY,domains.list,2021-07-05 14:05:47.482866
www.cheekybanners.com,AVAILABILITY,domains.list,2021-07-05 15:49:25.350466
www.jizzedonface.com,AVAILABILITY,domains.list,2021-07-05 16:21:35.805502
www.picahottie.com,AVAILABILITY,domains.list,2021-07-05 16:42:13.019988
www.teenhdmovies.pro,AVAILABILITY,domains.list,2021-07-05 17:05:42.346563
www.bondagetube.tv,AVAILABILITY,domains.list,2021-07-05 17:36:12.507423
www.static.ads.crakmedia.com,AVAILABILITY,domains.list,2021-07-05 17:36:15.237762
www.arabgirlsinthehood.info,AVAILABILITY,domains.list,2021-07-05 17:36:16.918908
www.titten-kitty-natursekt.de,AVAILABILITY,domains.list,2021-07-05 17:36:18.451912
www.usa-webcams.com,AVAILABILITY,domains.list,2021-07-05 17:36:19.739197
www.honeyvirgins.com,AVAILABILITY,domains.list,2021-07-05 17:36:21.533386
banners.lesbianascerdas.com,AVAILABILITY,domains.list,2021-07-05 17:36:23.228394
www.banners.lesbianascerdas.com,AVAILABILITY,domains.list,2021-07-05 17:36:25.064828
www.first-mature.com,AVAILABILITY,domains.list,2021-07-05 17:36:31.750587
www.karupsgalleries.com,AVAILABILITY,domains.list,2021-07-05 17:36:34.566633
www.vid2c.com,AVAILABILITY,domains.list,2021-07-05 17:36:36.229782
anythingos.tumblr.com,AVAILABILITY,domains.list,2021-07-05 17:36:36.814893
beardysfilthemporium.tumblr.com,AVAILABILITY,domains.list,2021-07-05 17:36:37.410805
blaze312.tumblr.com,AVAILABILITY,domains.list,2021-07-05 17:36:37.999999
chikcz.tumblr.com,AVAILABILITY,domains.list,2021-07-05 17:36:38.588929
cummingwithconsequences.tumblr.com,AVAILABILITY,domains.list,2021-07-05 17:36:39.178585
cuteagexoxo.tumblr.com,AVAILABILITY,domains.list,2021-07-05 17:36:39.781109
fetishvideos.tumblr.com,AVAILABILITY,domains.list,2021-07-05 17:36:40.375701
grandmasterscone.tumblr.com,AVAILABILITY,domains.list,2021-07-05 17:36:40.974176
jerkoknet.tumblr.com,AVAILABILITY,domains.list,2021-07-05 17:36:41.589698
jessyjames85.tumblr.com,AVAILABILITY,domains.list,2021-07-05 17:36:42.183960
lee1424.tumblr.com,AVAILABILITY,domains.list,2021-07-05 17:36:42.787341
lovekicked.tumblr.com,AVAILABILITY,domains.list,2021-07-05 17:36:43.387542
marylovesporn.tumblr.com,AVAILABILITY,domains.list,2021-07-05 17:36:43.983773
niarkman.tumblr.com,AVAILABILITY,domains.list,2021-07-05 17:36:44.564472
novinhasmusa.tumblr.com,AVAILABILITY,domains.list,2021-07-05 17:36:45.156266
nsfwxxxgifs.tumblr.com,AVAILABILITY,domains.list,2021-07-05 17:36:45.753125
porn4ladies.tumblr.com,AVAILABILITY,domains.list,2021-07-05 17:36:46.358135
rearfuckhole.tumblr.com,AVAILABILITY,domains.list,2021-07-05 17:36:46.946437
romancingyourwhore.tumblr.com,AVAILABILITY,domains.list,2021-07-05 17:36:47.536978
searchingforavatar.tumblr.com,AVAILABILITY,domains.list,2021-07-05 17:36:48.142267
sexyfuckingmachines.tumblr.com,AVAILABILITY,domains.list,2021-07-05 17:36:48.732429
softpornmustdie.tumblr.com,AVAILABILITY,domains.list,2021-07-05 17:36:49.331275
sumptuousdaydreams.tumblr.com,AVAILABILITY,domains.list,2021-07-05 17:36:49.936070
thegifer.tumblr.com,AVAILABILITY,domains.list,2021-07-05 17:36:50.532348
themasturbatoreum.tumblr.com,AVAILABILITY,domains.list,2021-07-05 17:36:51.141825
themoretheorgier.tumblr.com,AVAILABILITY,domains.list,2021-07-05 17:36:51.737686
thicknessdelux.tumblr.com,AVAILABILITY,domains.list,2021-07-05 17:36:52.344906
veryspecialporn.tumblr.com,AVAILABILITY,domains.list,2021-07-05 17:36:52.943908
wukme.tumblr.com,AVAILABILITY,domains.list,2021-07-05 17:36:53.538514
cds.j6b5e5z4.hwcdn.net,AVAILABILITY,domains.list,2021-07-05 17:36:55.124107
xxxhotgifs.tumblr.com,AVAILABILITY,domains.list,2021-07-05 17:36:55.714039
xxxsexxx.tumblr.com,AVAILABILITY,domains.list,2021-07-05 17:36:56.300718
52fikir.biz,AVAILABILITY,domains.list,2021-07-05 17:36:57.994347
animalsexdb.com,AVAILABILITY,domains.list,2021-07-05 17:36:59.843473
beeg.mom,AVAILABILITY,domains.list,2021-07-05 17:37:01.627785
cdn29418352.ahacdn.me,AVAILABILITY,domains.list,2021-07-05 17:37:03.320681
cdn.analporn.club,AVAILABILITY,domains.list,2021-07-05 17:37:04.983165
fitisar.tk,AVAILABILITY,domains.list,2021-07-05 17:37:07.651502
freesextube.porn,AVAILABILITY,domains.list,2021-07-05 17:37:14.366998
gungoin.tk,AVAILABILITY,domains.list,2021-07-05 17:37:16.846588
hosted.jolieandfriends.com,AVAILABILITY,domains.list,2021-07-05 17:37:18.697676
images.hentainexus.com,AVAILABILITY,domains.list,2021-07-05 17:37:20.500502
img1.hqasianporn.org,AVAILABILITY,domains.list,2021-07-05 17:37:22.414376
join.jolieandfriends.com,AVAILABILITY,domains.list,2021-07-05 17:37:24.422224
lindek.tk,AVAILABILITY,domains.list,2021-07-05 17:37:26.774479
main.hotsex.chat,AVAILABILITY,domains.list,2021-07-05 17:37:28.650099
morrorsy.tk,AVAILABILITY,domains.list,2021-07-05 17:37:31.374606
naughtyteens.eu,AVAILABILITY,domains.list,2021-07-05 17:37:33.235782
punibe.tk,AVAILABILITY,domains.list,2021-07-05 17:37:35.381287
s11.sluttydaddy.com,AVAILABILITY,domains.list,2021-07-05 17:37:37.103413
s.freeteenpussypic.com,AVAILABILITY,domains.list,2021-07-05 17:37:39.044884
tasabes.tk,AVAILABILITY,domains.list,2021-07-05 17:37:45.056177
www.3dbadgirls.com,AVAILABILITY,domains.list,2021-07-05 17:37:47.678669
www.acompanhantez.com,AVAILABILITY,domains.list,2021-07-05 17:37:49.888410
www.ads.ero-advertising.com,AVAILABILITY,domains.list,2021-07-05 17:37:51.549406
www.adultblogtoplist.com,AVAILABILITY,domains.list,2021-07-05 17:38:38.154336
www.adult-targeted-traffic.com,AVAILABILITY,domains.list,2021-07-05 17:39:14.406896
www.anal-webcams.com,AVAILABILITY,domains.list,2021-07-05 17:39:15.898516
www.angelinaashe.net,AVAILABILITY,domains.list,2021-07-05 17:39:17.610529
www.angelsofdeath.info,AVAILABILITY,domains.list,2021-07-05 17:39:19.272693
www.arabvirgin.com,AVAILABILITY,domains.list,2021-07-05 17:39:20.990206
www.bunchafreepics.com,AVAILABILITY,domains.list,2021-07-05 17:39:22.712359
www.canalwebcams.com,AVAILABILITY,domains.list,2021-07-05 17:39:24.457437
www.dicktricks.com,AVAILABILITY,domains.list,2021-07-05 17:40:11.069294
www.euphoriaporn.com,AVAILABILITY,domains.list,2021-07-05 17:40:53.572650
www.filipinavirgin.net,AVAILABILITY,domains.list,2021-07-05 17:40:55.281028
www.freepornretro.com,AVAILABILITY,domains.list,2021-07-05 17:40:56.998742
www.freeshemale.porn,AVAILABILITY,domains.list,2021-07-05 17:40:58.725569
www.fuckervids.com,AVAILABILITY,domains.list,2021-07-05 17:41:00.464493
www.galleries.aebn.net,AVAILABILITY,domains.list,2021-07-05 17:41:02.211987
www.grannyporn.xxx,AVAILABILITY,domains.list,2021-07-05 17:41:04.120798
www.harddaddy.com,AVAILABILITY,domains.list,2021-07-05 17:41:50.735974
www.hardwayout.com,AVAILABILITY,domains.list,2021-07-05 17:41:53.562594
www.herfirstdv.biz,AVAILABILITY,domains.list,2021-07-05 17:41:55.225008
www.hotgaylist.xxx,AVAILABILITY,domains.list,2021-07-05 17:41:56.915607
www.hotsex.chat,AVAILABILITY,domains.list,2021-07-05 17:41:58.864035
www.hunting-for-bambi.com,AVAILABILITY,domains.list,2021-07-05 17:42:00.060701
www.ifriends.net,AVAILABILITY,domains.list,2021-07-05 17:42:42.420194
www.ipadporns.xxx,AVAILABILITY,domains.list,2021-07-05 17:42:45.762844
www.ivanafukalot.com,AVAILABILITY,domains.list,2021-07-05 17:43:28.126718
www.lookvirgin.com,AVAILABILITY,domains.list,2021-07-05 17:43:30.307491
www.lubetube.com,AVAILABILITY,domains.list,2021-07-05 17:44:16.979061
www.nylonclit.com,AVAILABILITY,domains.list,2021-07-05 17:44:18.962922
www.pervygames.com,AVAILABILITY,domains.list,2021-07-05 17:44:26.046958
www.pornofico.com,AVAILABILITY,domains.list,2021-07-05 17:44:27.729225
www.pornopics.co,AVAILABILITY,domains.list,2021-07-05 17:44:29.400900
www.pornstreams.eu,AVAILABILITY,domains.list,2021-07-05 17:44:31.046672
www.pornzeus.com,AVAILABILITY,domains.list,2021-07-05 17:44:33.515693
www.preggowebcams.com,AVAILABILITY,domains.list,2021-07-05 17:44:35.713693
www.pussypush.com,AVAILABILITY,domains.list,2021-07-05 17:44:37.911665
www.rideyourcamels.info,AVAILABILITY,domains.list,2021-07-05 17:44:40.059011
www.russianparadise.com,AVAILABILITY,domains.list,2021-07-05 17:44:43.079407
www.sashafucksdasha.com,AVAILABILITY,domains.list,2021-07-05 17:45:29.683442
www.sex2inc.com,AVAILABILITY,domains.list,2021-07-05 17:45:31.403520
www.sexarabsex.com,AVAILABILITY,domains.list,2021-07-05 17:45:33.144703
www.sexyoutdoor.fun,AVAILABILITY,domains.list,2021-07-05 17:45:34.817926
www.supersexyn1.com,AVAILABILITY,domains.list,2021-07-05 17:45:36.556384
ads.playboy.bg,AVAILABILITY,domains.list,2021-07-05 17:45:38.378703
ads.xxxbunker.com,AVAILABILITY,domains.list,2021-07-05 17:45:40.088162
alabonnepipe.com,AVAILABILITY,domains.list,2021-07-05 17:45:41.997576
amateur-porn.tv,AVAILABILITY,domains.list,2021-07-05 17:45:43.494207
amp.st.virgin.net,AVAILABILITY,domains.list,2021-07-05 17:45:45.754427
angel-dark.org,AVAILABILITY,domains.list,2021-07-05 17:45:51.453468
angel.cn8828.com,AVAILABILITY,domains.list,2021-07-05 17:45:53.132870
angelclip.info,AVAILABILITY,domains.list,2021-07-05 17:45:54.936737
animalporn.name,AVAILABILITY,domains.list,2021-07-05 17:45:57.115814
aquiwebcams.com,AVAILABILITY,domains.list,2021-07-05 17:45:58.997474
banners.colegialasdesvirgadas.com,AVAILABILITY,domains.list,2021-07-05 17:46:06.213246
banners.fuckingdrunks.com,AVAILABILITY,domains.list,2021-07-05 17:46:08.041041
buckangelbucks.com,AVAILABILITY,domains.list,2021-07-05 17:46:09.957431
busty-asian.org,AVAILABILITY,domains.list,2021-07-05 17:46:11.299090
cartoon-3x.com,AVAILABILITY,domains.list,2021-07-05 17:46:12.695438
cartoonsexsite.org,AVAILABILITY,domains.list,2021-07-05 17:46:14.378429
cdn.analtuber.com,AVAILABILITY,domains.list,2021-07-05 17:46:21.454288
cdn.cocatube.com,AVAILABILITY,domains.list,2021-07-05 17:46:23.472254
cdn.spankbang.porn,AVAILABILITY,domains.list,2021-07-05 17:46:25.253530
cdn1.freemilfs.porn,AVAILABILITY,domains.list,2021-07-05 17:46:27.154724
cdn1.freesextube.porn,AVAILABILITY,domains.list,2021-07-05 17:46:28.877309
cdn2.freemilfs.porn,AVAILABILITY,domains.list,2021-07-05 17:46:30.690986
cdn2.freesextube.porn,AVAILABILITY,domains.list,2021-07-05 17:46:32.462828
cdn3.freemilfs.porn,AVAILABILITY,domains.list,2021-07-05 17:46:34.228706
cdn3.freesextube.porn,AVAILABILITY,domains.list,2021-07-05 17:46:35.908126
cesky-sex.cz,AVAILABILITY,domains.list,2021-07-05 17:46:38.074600
circleofxxx.com,AVAILABILITY,domains.list,2021-07-05 17:46:39.868816
click2wap.com,AVAILABILITY,domains.list,2021-07-05 17:46:41.643097
d8u8a5x9.hwcdn.net,AVAILABILITY,domains.list,2021-07-05 17:46:43.243892
desihotpoint.com,AVAILABILITY,domains.list,2021-07-05 17:46:45.039266
dogdick.smackjeeves.com,AVAILABILITY,domains.list,2021-07-05 17:47:22.757196
drunkporn.us,AVAILABILITY,domains.list,2021-07-05 17:47:24.447684
freemilfs.porn,AVAILABILITY,domains.list,2021-07-05 17:47:31.807591
g8j8b9g6.hwcdn.net,AVAILABILITY,domains.list,2021-07-05 17:47:34.048643
globaldating.online,AVAILABILITY,domains.list,2021-07-05 17:47:36.522631
goonline13.online,AVAILABILITY,domains.list,2021-07-05 17:47:38.600311
hanaprop.com,AVAILABILITY,domains.list,2021-07-05 17:47:40.289919
hapend.biz,AVAILABILITY,domains.list,2021-07-05 17:47:41.953715
i.nudesex.pro,AVAILABILITY,domains.list,2021-07-05 17:47:43.547791
images.japaneseporn.xxx,AVAILABILITY,domains.list,2021-07-05 17:47:45.173433
ip173083989.ahcdn.com,AVAILABILITY,domains.list,2021-07-05 17:47:46.968476
j6b5e5z4.hwcdn.net,AVAILABILITY,domains.list,2021-07-05 17:47:48.555521
lilumania.pw,AVAILABILITY,domains.list,2021-07-05 17:47:50.418967
littlegirls.top,AVAILABILITY,domains.list,2021-07-05 17:47:53.804046
littlenudegirls.pw,AVAILABILITY,domains.list,2021-07-05 17:47:55.756761
nnwebcams.com,AVAILABILITY,domains.list,2021-07-05 17:47:57.511463
nudephotolinks.com,AVAILABILITY,domains.list,2021-07-05 17:47:59.504323
orgiasreales.com,AVAILABILITY,domains.list,2021-07-05 17:48:01.423075
picture.teenamite.com,AVAILABILITY,domains.list,2021-07-05 17:48:04.087615
piggypainslut.smackjeeves.com,AVAILABILITY,domains.list,2021-07-05 17:48:46.183059
piporno.com,AVAILABILITY,domains.list,2021-07-05 17:48:47.883939
premium.sexu.com,AVAILABILITY,domains.list,2021-07-05 17:48:49.471312
pure-angel.net,AVAILABILITY,domains.list,2021-07-05 17:48:50.798712
sexyandweknow.it,AVAILABILITY,domains.list,2021-07-05 17:48:53.046253
tinyteen-x.pw,AVAILABILITY,domains.list,2021-07-05 17:48:54.465162
topteens.pw,AVAILABILITY,domains.list,2021-07-05 17:48:56.283246
unicorn.wereanimal.net,AVAILABILITY,domains.list,2021-07-05 17:49:42.881645
www.88cum.com,AVAILABILITY,domains.list,2021-07-05 17:49:46.433701
www.8maturepornmovies.com,AVAILABILITY,domains.list,2021-07-05 17:49:48.028468
www.acompanhantesluxo.com,AVAILABILITY,domains.list,2021-07-05 17:49:51.855556
www.ads.playboy.bg,AVAILABILITY,domains.list,2021-07-05 17:49:53.476226
www.adultvalleycash.com,AVAILABILITY,domains.list,2021-07-05 17:49:55.217295
www.angelclip.info,AVAILABILITY,domains.list,2021-07-05 17:49:56.811660
www.angelicmichele.com,AVAILABILITY,domains.list,2021-07-05 17:49:58.430214
www.angelmode.com,AVAILABILITY,domains.list,2021-07-05 17:50:00.457110
www.animalporn.asia,AVAILABILITY,domains.list,2021-07-05 17:50:02.062484
www.animalporn.name,AVAILABILITY,domains.list,2021-07-05 17:50:03.652293
www.animalrating.com,AVAILABILITY,domains.list,2021-07-05 17:50:05.241681
www.animalsexdb.com,AVAILABILITY,domains.list,2021-07-05 17:50:06.900826
www.antivirgins.com,AVAILABILITY,domains.list,2021-07-05 17:50:53.572766
www.aquiwebcams.com,AVAILABILITY,domains.list,2021-07-05 17:50:55.333839
www.banners.colegialasdesvirgadas.com,AVAILABILITY,domains.list,2021-07-05 17:51:02.517323
www.banners.fuckingdrunks.com,AVAILABILITY,domains.list,2021-07-05 17:51:04.278392
www.bigboobswebcams.com,AVAILABILITY,domains.list,2021-07-05 17:51:06.550575
www.bn.premiumhdv.com,AVAILABILITY,domains.list,2021-07-05 17:51:08.209719
www.buckangelbucks.com,AVAILABILITY,domains.list,2021-07-05 17:51:09.929887
www.busty-asian.org,AVAILABILITY,domains.list,2021-07-05 17:51:11.170321
www.cartoon-3x.com,AVAILABILITY,domains.list,2021-07-05 17:51:12.430930
www.cdn1.premiumhdv.com,AVAILABILITY,domains.list,2021-07-05 17:51:14.083531
www.cesky-sex.cz,AVAILABILITY,domains.list,2021-07-05 17:51:15.419898
www.circleofxxx.com,AVAILABILITY,domains.list,2021-07-05 17:51:17.142087
www.collegesexlives.com,AVAILABILITY,domains.list,2021-07-05 17:51:18.851175
www.dangelopalace.com,AVAILABILITY,domains.list,2021-07-05 17:51:22.223032
www.depravedangels.com,AVAILABILITY,domains.list,2021-07-05 17:51:23.884828
www.desihotpoint.com,AVAILABILITY,domains.list,2021-07-05 17:51:25.549100
www.digitalangelblog.com,AVAILABILITY,domains.list,2021-07-05 17:51:27.269131
www.dogdick.smackjeeves.com,AVAILABILITY,domains.list,2021-07-05 17:52:13.942431
www.ebonypichunter.com,AVAILABILITY,domains.list,2021-07-05 17:52:16.694708
www.erowebcams.com,AVAILABILITY,domains.list,2021-07-05 17:52:18.388233
www.escort69.pt,AVAILABILITY,domains.list,2021-07-05 17:52:20.179490
www.escortportomafalda.tk,AVAILABILITY,domains.list,2021-07-05 17:52:22.304891
www.evaangelina.fr,AVAILABILITY,domains.list,2021-07-05 17:52:24.223896
www.forum.literotica.com,AVAILABILITY,domains.list,2021-07-05 17:52:26.056207
www.free.fuckbook.cm,AVAILABILITY,domains.list,2021-07-05 17:52:28.774034
www.freemilfs.porn,AVAILABILITY,domains.list,2021-07-05 17:52:30.479866
www.freesextube.porn,AVAILABILITY,domains.list,2021-07-05 17:52:32.194550
www.fuckbook.cm,AVAILABILITY,domains.list,2021-07-05 17:52:34.046450
www.fuckedbabes.com,AVAILABILITY,domains.list,2021-07-05 17:52:35.741568
www.galleries.danimiles.com,AVAILABILITY,domains.list,2021-07-05 17:52:37.564869
www.galleries.fuckingdrunks.com,AVAILABILITY,domains.list,2021-07-05 17:52:39.254575
www.gaytwinkwebcams.com,AVAILABILITY,domains.list,2021-07-05 17:52:41.060630
www.girlsdoporn.com,AVAILABILITY,domains.list,2021-07-05 17:53:22.851689
www.girlslux.pt,AVAILABILITY,domains.list,2021-07-05 17:53:24.651520
www.greenangelonline.com,AVAILABILITY,domains.list,2021-07-05 17:53:26.318426
www.guest.adultfriendfinder.com,AVAILABILITY,domains.list,2021-07-05 17:53:28.001083
www.hardfreshmen.com,AVAILABILITY,domains.list,2021-07-05 17:53:29.697408
www.hdmmovies.sex,AVAILABILITY,domains.list,2021-07-05 17:53:31.717943
www.hentaiweeb.com,AVAILABILITY,domains.list,2021-07-05 17:54:18.326319
www.hotfetishwebcams.com,AVAILABILITY,domains.list,2021-07-05 17:54:20.043953
www.hughsangels.proboards27.com,AVAILABILITY,domains.list,2021-07-05 17:54:22.167796
www.innocenthentai.com,AVAILABILITY,domains.list,2021-07-05 17:54:23.885869
www.japanxangels.com,AVAILABILITY,domains.list,2021-07-05 17:54:25.663667
www.javhq.net,AVAILABILITY,domains.list,2021-07-05 17:54:27.541733
www.join.realsexdates.com,AVAILABILITY,domains.list,2021-07-05 17:54:29.343344
www.kolyomfilm.com,AVAILABILITY,domains.list,2021-07-05 17:54:31.069655
www.lenaporn.net,AVAILABILITY,domains.list,2021-07-05 17:54:32.724836
www.loa6.com,AVAILABILITY,domains.list,2021-07-05 17:54:34.437501
www.lotzawebcams.com,AVAILABILITY,domains.list,2021-07-05 17:54:36.164037
www.lucifersdarkangel.co.uk,AVAILABILITY,domains.list,2021-07-05 17:55:22.833289
www.madamezelda.smackjeeves.com,AVAILABILITY,domains.list,2021-07-05 17:56:09.536712
www.members.flashybabes.com,AVAILABILITY,domains.list,2021-07-05 17:56:11.314012
www.members.realsexdates.com,AVAILABILITY,domains.list,2021-07-05 17:56:13.143853
www.menssexguide.com,AVAILABILITY,domains.list,2021-07-05 17:56:16.985602
www.milfxxxtubevideos.com,AVAILABILITY,domains.list,2021-07-05 17:56:18.702562
www.monpornofrancais.com,AVAILABILITY,domains.list,2021-07-05 17:57:00.728894
www.mozazbnat.info,AVAILABILITY,domains.list,2021-07-05 17:57:02.380887
www.mrvideoporno.xxx,AVAILABILITY,domains.list,2021-07-05 17:57:04.096562
www.msbehaviour.co.uk,AVAILABILITY,domains.list,2021-07-05 17:57:05.820291
www.nannygoat.smackjeeves.com,AVAILABILITY,domains.list,2021-07-05 17:57:52.497525
www.natursekt.tv,AVAILABILITY,domains.list,2021-07-05 17:57:54.153025
www.netnet50.com,AVAILABILITY,domains.list,2021-07-05 17:57:55.828838
www.nnwebcams.com,AVAILABILITY,domains.list,2021-07-05 17:57:57.555579
www.nonk.nonk.info,AVAILABILITY,domains.list,2021-07-05 17:57:59.625804
www.norskporno.xxx,AVAILABILITY,domains.list,2021-07-05 17:58:01.368495
www.nsfwjpg.com,AVAILABILITY,domains.list,2021-07-05 17:58:08.377728
www.nudephotolinks.com,AVAILABILITY,domains.list,2021-07-05 17:58:10.145848
www.orgiasreales.com,AVAILABILITY,domains.list,2021-07-05 17:58:11.939419
www.pecadooriginal.pt,AVAILABILITY,domains.list,2021-07-05 17:58:13.789763
www.pecadosexy.com,AVAILABILITY,domains.list,2021-07-05 17:58:15.583706
www.piggypainslut.smackjeeves.com,AVAILABILITY,domains.list,2021-07-05 17:59:02.221815
www.piporno.com,AVAILABILITY,domains.list,2021-07-05 17:59:04.429826
www.plumpteens.net,AVAILABILITY,domains.list,2021-07-05 17:59:06.600529
www.porn.es,AVAILABILITY,domains.list,2021-07-05 17:59:08.762808
www.porn.org,AVAILABILITY,domains.list,2021-07-05 17:59:50.765735
www.pornbraze.com,AVAILABILITY,domains.list,2021-07-05 17:59:52.365871
www.porncomics.biz,AVAILABILITY,domains.list,2021-07-05 17:59:55.681806
www.pornhubshemale.com,AVAILABILITY,domains.list,2021-07-05 18:00:42.357734
www.pornoinitaliano.it,AVAILABILITY,domains.list,2021-07-05 18:00:44.641012
www.pornokura.it,AVAILABILITY,domains.list,2021-07-05 18:00:46.924686
www.pornolaba.com,AVAILABILITY,domains.list,2021-07-05 18:01:28.577767
www.pornomexicana.com.mx,AVAILABILITY,domains.list,2021-07-05 18:01:30.250126
www.proxy.poseparty.com,AVAILABILITY,domains.list,2021-07-05 18:01:32.052634
www.prtawe.com,AVAILABILITY,domains.list,2021-07-05 18:01:33.795235
www.pure-angel.net,AVAILABILITY,domains.list,2021-07-05 18:01:35.052151
www.reblop.com,AVAILABILITY,domains.list,2021-07-05 18:01:36.744159
www.salasdewebcams.com,AVAILABILITY,domains.list,2021-07-05 18:01:39.697348
www.secretfriendswebcams.com,AVAILABILITY,domains.list,2021-07-05 18:01:41.381092
www.sexobarato.pt,AVAILABILITY,domains.list,2021-07-05 18:01:43.125437
www.sextronix.com,AVAILABILITY,domains.list,2021-07-05 18:02:20.146574
www.sexyandweknow.it,AVAILABILITY,domains.list,2021-07-05 18:02:22.362792
www.sexymassageoil.com,AVAILABILITY,domains.list,2021-07-05 18:02:24.088099
www.sexzoznamka.eu,AVAILABILITY,domains.list,2021-07-05 18:03:10.762922
www.shemalepepper.com,AVAILABILITY,domains.list,2021-07-05 18:03:12.368647
www.shemlivenow.com,AVAILABILITY,domains.list,2021-07-05 18:03:14.048259
www.shop.literotica.com,AVAILABILITY,domains.list,2021-07-05 18:03:15.732817
www.sissycedric.smackjeeves.com,AVAILABILITY,domains.list,2021-07-05 18:03:58.238033
www.sophiassecrets.com,AVAILABILITY,domains.list,2021-07-05 18:04:39.970911
www.static.justhookup.com,AVAILABILITY,domains.list,2021-07-05 18:04:41.673411
www.stcontent.premiumhdv.com,AVAILABILITY,domains.list,2021-07-05 18:04:43.286520
www.support.sextronix.com,AVAILABILITY,domains.list,2021-07-05 18:05:25.290665
www.teen-gay-boys.net,AVAILABILITY,domains.list,2021-07-05 18:05:26.491302
www.teenassclips.com,AVAILABILITY,domains.list,2021-07-05 18:06:13.103519
www.teenporn00.com,AVAILABILITY,domains.list,2021-07-05 18:06:14.974646
www.topheavywebcams.com,AVAILABILITY,domains.list,2021-07-05 18:06:16.661047
www.troiaitaliana.com,AVAILABILITY,domains.list,2021-07-05 18:06:18.393346
www.video69.ru,AVAILABILITY,domains.list,2021-07-05 18:06:20.621540
www.videos666.com,AVAILABILITY,domains.list,2021-07-05 18:07:03.439899
www.vipportugal.net,AVAILABILITY,domains.list,2021-07-05 18:07:05.031694
www.virgin-coconut-oil.info,AVAILABILITY,domains.list,2021-07-05 18:07:06.219880
www.virginkitty.com,AVAILABILITY,domains.list,2021-07-05 18:07:08.794899
www.virginz.nl,AVAILABILITY,domains.list,2021-07-05 18:07:51.260996
www.virginz.tv,AVAILABILITY,domains.list,2021-07-05 18:07:52.916116
www.voktel.com,AVAILABILITY,domains.list,2021-07-05 18:07:54.528577
www.welcome.ivanafukalot.com,AVAILABILITY,domains.list,2021-07-05 18:08:41.206287
www.welcome.sashafucksdasha.com,AVAILABILITY,domains.list,2021-07-05 18:09:27.815845
www.wqw.planetsuzy.org,AVAILABILITY,domains.list,2021-07-05 18:09:29.446933
www.xvideosamador.com.br,AVAILABILITY,domains.list,2021-07-05 18:09:31.686328
www.xxxpussyteen.com,AVAILABILITY,domains.list,2021-07-05 18:09:33.426207
www.xxxstreams.eu,AVAILABILITY,domains.list,2021-07-05 18:09:35.125334
www.youho.com,AVAILABILITY,domains.list,2021-07-05 18:10:17.128120
www.youngsexmoviez.com,AVAILABILITY,domains.list,2021-07-05 18:10:18.746706
www.youngxxxvideoz.com,AVAILABILITY,domains.list,2021-07-05 18:10:20.343112
www.zoo-fuck.net,AVAILABILITY,domains.list,2021-07-05 18:10:21.554292
xpornflix.xxx,AVAILABILITY,domains.list,2021-07-05 18:10:28.420189
xxxlola.club,AVAILABILITY,domains.list,2021-07-05 18:10:30.234778
xxxteen.kim,AVAILABILITY,domains.list,2021-07-05 18:10:31.931380
youpornhd.co,AVAILABILITY,domains.list,2021-07-05 18:10:33.626460
zoo-fuck.net,AVAILABILITY,domains.list,2021-07-05 18:10:34.922129
zooporn.name,AVAILABILITY,domains.list,2021-07-05 18:10:36.601594
www.toestotits.com.cdn.cloudflare.net,AVAILABILITY,domains.list,2021-07-05 18:10:38.251671
www.cheekybanners.com,AVAILABILITY,hosts.list,2021-07-06 01:28:20.980131
www.jizzedonface.com,AVAILABILITY,hosts.list,2021-07-06 02:00:08.957011
www.picahottie.com,AVAILABILITY,hosts.list,2021-07-06 02:23:52.855163
www.teenhdmovies.pro,AVAILABILITY,hosts.list,2021-07-06 02:50:46.666254
