subject,idna_subject,expiration_date,epoch
00webcams.com,00webcams.com,21-jan-2022,1642723200.0
037jav.com,037jav.com,26-jan-2021,1611619200.0
0i0i0i0.com,0i0i0i0.com,09-apr-2023,1680998400.0
0xxx.ws,0xxx.ws,21-jan-2025,1737417600.0
100200film.com,100200film.com,08-aug-2021,1628380800.0
100amateurvideos.com,100amateurvideos.com,04-sep-2021,1630713600.0
100bestpornsites.com,100bestpornsites.com,06-jul-2022,1657065600.0
100bucksbabes.com,100bucksbabes.com,06-jan-2023,1672963200.0
101boyvideos.com,101boyvideos.com,03-jun-2022,1654214400.0
101top.biz,101top.biz,29-apr-2021,1619654400.0
171gifs.com,171gifs.com,01-dec-2022,1669852800.0
17sexvideo.com,17sexvideo.com,11-jun-2021,1623369600.0
18-21yo.com,18-21yo.com,16-mar-2021,1615852800.0
18-schoolgirlz.com,18-schoolgirlz.com,08-feb-2022,1644278400.0
18-teen-porn.com,18-teen-porn.com,11-sep-2021,1631318400.0
18-teen-sex.com,18-teen-sex.com,08-sep-2021,1631059200.0
18-teen-tube.com,18-teen-tube.com,11-sep-2021,1631318400.0
18-teenporn.com,18-teenporn.com,21-nov-2021,1637452800.0
18andabuse.com,18andabuse.com,27-feb-2021,1614384000.0
18andabused.tv,18andabused.tv,18-oct-2021,1634515200.0
18asiangirls.com,18asiangirls.com,25-may-2021,1621900800.0
18asiansex.com,18asiansex.com,08-oct-2021,1633651200.0
18asiantube.com,18asiantube.com,08-oct-2021,1633651200.0
18closeup.com,18closeup.com,29-jan-2021,1611878400.0
18comix.com,18comix.com,08-dec-2021,1638921600.0
18eighteenz.com,18eighteenz.com,21-oct-2021,1634774400.0
18ero.com,18ero.com,13-jul-2021,1626134400.0
18firstsex.com,18firstsex.com,02-apr-2021,1617321600.0
18fuck.me,18fuck.me,13-dec-2021,1639353600.0
18gayfuck.com,18gayfuck.com,23-aug-2021,1629676800.0
18girlsex.net,18girlsex.net,19-dec-2021,1639872000.0
18girlsporn.com,18girlsporn.com,02-jul-2021,1625184000.0
18girlssex.com,18girlssex.com,08-sep-2021,1631059200.0
18magazine.com,18magazine.com,27-sep-2021,1632700800.0
18nakedgirls.com,18nakedgirls.com,24-sep-2021,1632441600.0
18nudeteens.net,18nudeteens.net,30-jul-2021,1627603200.0
18nudism.com,18nudism.com,15-mar-2021,1615766400.0
18onlybabes.com,18onlybabes.com,19-oct-2021,1634601600.0
18onlygirls.tv,18onlygirls.tv,02-jun-2021,1622592000.0
18onlyteengirlz.com,18onlyteengirlz.com,06-nov-2021,1636156800.0
18paradise.com,18paradise.com,22-jul-2021,1626912000.0
18plusstream.net,18plusstream.net,04-mar-2021,1614816000.0
18porn.me,18porn.me,22-feb-2022,1645488000.0
18porn.pro,18porn.pro,20-jan-2022,1642636800.0
18pornhd.com,18pornhd.com,25-oct-2021,1635120000.0
18porno.tv,18porno.tv,29-aug-2021,1630195200.0
18pornsex.com,18pornsex.com,06-oct-2021,1633478400.0
18pornvideos.net,18pornvideos.net,14-jan-2022,1642118400.0
18pussy.fun,18pussy.fun,02-dec-2021,1638403200.0
18qt.com,18qt.com,06-apr-2025,1743897600.0
18sex-tube.com,18sex-tube.com,28-apr-2021,1619568000.0
18sexyasians.com,18sexyasians.com,10-jul-2021,1625875200.0
18stream.com,18stream.com,08-oct-2021,1633651200.0
18teen-tube.com,18teen-tube.com,08-sep-2021,1631059200.0
18teen.tv,18teen.tv,06-oct-2021,1633478400.0
18teenboysex.com,18teenboysex.com,13-jun-2021,1623542400.0
18teenfuck.tv,18teenfuck.tv,13-feb-2022,1644710400.0
18teenfuckmovie.com,18teenfuckmovie.com,30-oct-2021,1635552000.0
18teengirlsporn.com,18teengirlsporn.com,11-jun-2021,1623369600.0
18teenporn.live,18teenporn.live,16-jun-2021,1623801600.0
18teenporn.net,18teenporn.net,15-apr-2022,1649980800.0
18teenporn.tv,18teenporn.tv,29-jan-2022,1643414400.0
18teenpornhd.com,18teenpornhd.com,19-jun-2021,1624060800.0
18teenporno.tv,18teenporno.tv,30-oct-2021,1635552000.0
18teenpornpics.com,18teenpornpics.com,04-apr-2021,1617494400.0
18teenpussyfuck.com,18teenpussyfuck.com,15-nov-2021,1636934400.0
18teenslut.com,18teenslut.com,18-jun-2021,1623974400.0
18teentube.tv,18teentube.tv,01-jun-2021,1622505600.0
18teenvid.com,18teenvid.com,07-jun-2021,1623024000.0
18teenvideos.com,18teenvideos.com,26-jul-2021,1627257600.0
18top.link,18top.link,30-jan-2021,1611964800.0
18tubefuck.com,18tubefuck.com,10-may-2021,1620604800.0
18tubehd.com,18tubehd.com,13-nov-2021,1636761600.0
18videoz.com,18videoz.com,10-aug-2021,1628553600.0
18virginsex.com,18virginsex.com,16-jan-2022,1642291200.0
18vr.com,18vr.com,12-may-2022,1652313600.0
18yearsold.com,18yearsold.com,12-oct-2021,1633996800.0
18yo.pro,18yo.pro,17-may-2021,1621209600.0
18yocuties.com,18yocuties.com,07-feb-2021,1612656000.0
18youngfuck.com,18youngfuck.com,12-apr-2021,1618185600.0
18youngporn.net,18youngporn.net,25-jan-2022,1643068800.0
19girlsporn.com,19girlsporn.com,02-jul-2021,1625184000.0
19girlstube.com,19girlstube.com,02-jul-2021,1625184000.0
19hdporn.com,19hdporn.com,02-jul-2021,1625184000.0
19hdsex.com,19hdsex.com,02-jul-2021,1625184000.0
19teenmovie.com,19teenmovie.com,04-may-2021,1620086400.0
19teenmovies.com,19teenmovies.com,21-jul-2021,1626825600.0
19yoporn.com,19yoporn.com,01-nov-2021,1635724800.0
1ashemaletube.com,1ashemaletube.com,23-jan-2022,1642896000.0
1by-day.com,1by-day.com,10-jun-2021,1623283200.0
1mobilecash.net,1mobilecash.net,28-aug-2021,1630108800.0
1pondo.com,1pondo.com,06-oct-2021,1633478400.0
1porn.press,1porn.press,11-dec-2021,1639180800.0
1q.org,1q.org,28-apr-2021,1619568000.0
1stmovieclub.net,1stmovieclub.net,23-oct-2021,1634947200.0
1ts17.top,1ts17.top,28-jan-2022,1643328000.0
1watchmygf.com,1watchmygf.com,13-may-2021,1620864000.0
2001positions.com,2001positions.com,03-mar-2021,1614729600.0
2020porn.watch,2020porn.watch,07-jun-2021,1623024000.0
2022.dev,2022.dev,17-feb-2022,1645056000.0
20centimes.info,20centimes.info,23-nov-2021,1637625600.0
20felezyab.com,20felezyab.com,01-jul-2021,1625097600.0
20teentube.com,20teentube.com,25-may-2021,1621900800.0
21naturals.com,21naturals.com,10-dec-2021,1639094400.0
21naturals.top,21naturals.top,05-dec-2021,1638662400.0
21naturalsfan.com,21naturalsfan.com,17-nov-2021,1637107200.0
21pron.com,21pron.com,17-oct-2021,1634428800.0
21sextreme.com,21sextreme.com,09-dec-2021,1639008000.0
21sextury.com,21sextury.com,02-apr-2022,1648857600.0
24-xxx.com,24-xxx.com,17-oct-2021,1634428800.0
247tube.xyz,247tube.xyz,10-mar-2021,1615334400.0
24pornvideos.com,24pornvideos.com,15-jan-2022,1642204800.0
2adultflashgames.com,2adultflashgames.com,18-jul-2022,1658102400.0
2bigtobetrue.com,2bigtobetrue.com,03-oct-2021,1633219200.0
2busty.net,2busty.net,25-feb-2021,1614211200.0
2cam.xxx,2cam.xxx,03-apr-2021,1617408000.0
2d-market.com,2d-market.com,22-aug-2021,1629590400.0
2girls1camera.com,2girls1camera.com,01-jun-2022,1654041600.0
2japansporn.com,2japansporn.com,17-nov-2021,1637107200.0
2jav.com,2jav.com,06-apr-2021,1617667200.0
365pornmovs.com,365pornmovs.com,08-jan-2022,1641600000.0
3animalsex.com,3animalsex.com,02-feb-2021,1612224000.0
3arabicporn.com,3arabicporn.com,25-nov-2021,1637798400.0
3arabporn.com,3arabporn.com,15-jan-2022,1642204800.0
3at3ot.com,3at3ot.com,02-jul-2021,1625184000.0
3d-eros.net,3d-eros.net,24-oct-2022,1666569600.0
3ddaughter.club,3ddaughter.club,29-may-2021,1622246400.0
3dfuckhouse.com,3dfuckhouse.com,22-feb-2027,1803254400.0
3dhentai.tube,3dhentai.tube,23-feb-2021,1614038400.0
3dhentaix.com,3dhentaix.com,10-feb-2024,1707523200.0
3dsextales.icu,3dsextales.icu,29-may-2021,1622246400.0
3dsilk.club,3dsilk.club,27-apr-2021,1619481600.0
3dtoonporn.xyz,3dtoonporn.xyz,02-jul-2021,1625184000.0
3dtube.xxx,3dtube.xxx,28-jan-2022,1643328000.0
3dxchat.com,3dxchat.com,23-dec-2025,1766448000.0
3movs.com,3movs.com,10-apr-2025,1744243200.0
3pornstarmovies.com,3pornstarmovies.com,14-mar-2025,1741910400.0
3rd-art.com,3rd-art.com,08-mar-2024,1709856000.0
3sex.com,3sex.com,11-aug-2021,1628640000.0
3tech.xyz,3tech.xyz,25-apr-2021,1619308800.0
3wasonnet.com,3wasonnet.com,13-sep-2021,1631491200.0
3x.ro,3x.ro,10-jul-2021,1625875200.0
3xplanet.com,3xplanet.com,30-jan-2026,1769731200.0
3xprivatemilfsex.com,3xprivatemilfsex.com,08-nov-2021,1636329600.0
3xtraffic.com,3xtraffic.com,19-apr-2021,1618790400.0
3xxx.pro,3xxx.pro,24-sep-2021,1632441600.0
40best.com,40best.com,16-aug-2021,1629072000.0
40ozbounce.com,40ozbounce.com,08-sep-2021,1631059200.0
429tube.com,429tube.com,14-feb-2022,1644796800.0
4adultin.com,4adultin.com,17-dec-2021,1639699200.0
4affiliate.net,4affiliate.net,18-jun-2021,1623974400.0
4cdn.org,4cdn.org,18-nov-2024,1731888000.0
4chan.com,4chan.com,13-dec-2026,1797120000.0
4chan.org,4chan.org,14-feb-2023,1676332800.0
4channel.org,4channel.org,12-sep-2022,1662940800.0
4kcfnm.com,4kcfnm.com,15-apr-2021,1618444800.0
4kporn.xxx,4kporn.xxx,11-nov-2021,1636588800.0
4porn.com,4porn.com,27-may-2021,1622073600.0
4sexwebcams.com,4sexwebcams.com,08-jul-2022,1657238400.0
4tube.com,4tube.com,05-jun-2026,1780617600.0
4uck.org,4uck.org,08-oct-2021,1633651200.0
500girls.com,500girls.com,05-jul-2021,1625443200.0
55chan.org,55chan.org,18-may-2021,1621296000.0
5kporn.com,5kporn.com,19-dec-2021,1639872000.0
5kteens.com,5kteens.com,24-aug-2021,1629763200.0
60milfs.com,60milfs.com,06-aug-2021,1628208000.0
64kporn.com,64kporn.com,26-oct-2021,1635206400.0
69-sexgames.com,69-sexgames.com,07-oct-2022,1665100800.0
69games.xxx,69games.xxx,06-dec-2022,1670284800.0
69teensex.com,69teensex.com,11-sep-2021,1631318400.0
69teentube.com,69teentube.com,11-sep-2021,1631318400.0
6kea.com,6kea.com,25-oct-2021,1635120000.0
6mature9.com,6mature9.com,30-nov-2021,1638230400.0
6momporn.com,6momporn.com,29-may-2021,1622246400.0
6orc.com,6orc.com,16-jan-2022,1642291200.0
7-7-7-partner.com,7-7-7-partner.com,31-aug-2021,1630368000.0
777livecams.com,777livecams.com,16-feb-2021,1613433600.0
7chan.org,7chan.org,25-sep-2021,1632528000.0
7mmtv.tv,7mmtv.tv,08-jan-2023,1673136000.0
85porn.net,85porn.net,01-nov-2021,1635724800.0
85tube.com,85tube.com,16-aug-2021,1629072000.0
85tube.net,85tube.net,05-jun-2021,1622851200.0
88gals.com,88gals.com,15-aug-2021,1628985600.0
8kpornmovies.com,8kpornmovies.com,24-jul-2021,1627084800.0
8ksexmovie.com,8ksexmovie.com,27-aug-2021,1630022400.0
8kun.top,8kun.top,15-nov-2022,1668470400.0
8muses.com,8muses.com,26-mar-2021,1616716800.0
8muses.download,8muses.download,02-nov-2022,1667347200.0
8muses.io,8muses.io,01-mar-2021,1614556800.0
8teenxxx.com,8teenxxx.com,29-mar-2021,1616976000.0
91jav.com,91jav.com,17-oct-2021,1634428800.0
99cams.com,99cams.com,06-aug-2021,1628208000.0
9hentai.com,9hentai.com,27-jul-2021,1627344000.0
22pixx.xyz,22pixx.xyz,13-jun-2021,1623542400.0
aaliyahlove.com,aaliyahlove.com,15-may-2021,1621036800.0
aboutgirlslove.com,aboutgirlslove.com,04-may-2021,1620086400.0
aboutsexxx.com,aboutsexxx.com,25-feb-2022,1645747200.0
acmexxx.com,acmexxx.com,07-oct-2021,1633564800.0
actionjav.com,actionjav.com,11-oct-2021,1633910400.0
actual-porn.org,actual-porn.org,23-jul-2021,1626998400.0
adamandeve.com,adamandeve.com,20-may-2022,1653004800.0
adameve.com,adameve.com,20-may-2022,1653004800.0
addfreeporn.com,addfreeporn.com,16-jun-2021,1623801600.0
adressesx.com,adressesx.com,25-oct-2021,1635120000.0
adriana-sage.org,adriana-sage.org,29-mar-2021,1616976000.0
adsgangsta.com,adsgangsta.com,24-may-2021,1621814400.0
adtgp.com,adtgp.com,20-jan-2022,1642636800.0
adult-arab.com,adult-arab.com,23-may-2021,1621728000.0
adult-channels.com,adult-channels.com,26-sep-2022,1664150400.0
adult-extreme.com,adult-extreme.com,27-oct-2021,1635292800.0
adult-movies.cc,adult-movies.cc,20-may-2021,1621468800.0
adult-targeted-traffic.com,adult-targeted-traffic.com,11-apr-2021,1618099200.0
adult.xyz,adult.xyz,21-jun-2021,1624233600.0
adultadworld.com,adultadworld.com,19-aug-2021,1629331200.0
adultallstars.com,adultallstars.com,21-may-2021,1621555200.0
adultasiantube.info,adultasiantube.info,28-nov-2021,1638057600.0
adultbanners.co.uk,adultbanners.co.uk,06-jun-2021,1622937600.0
adultbay.org,adultbay.org,30-jan-2022,1643500800.0
adultblogtoplist.com,adultblogtoplist.com,10-feb-2021,1612915200.0
adultcash.com,adultcash.com,28-apr-2021,1619568000.0
adultcomix.biz,adultcomix.biz,06-feb-2022,1644105600.0
adultdatelink.com,adultdatelink.com,25-aug-2021,1629849600.0
adultdatingreviews.net,adultdatingreviews.net,22-jul-2021,1626912000.0
adultdatingtraffic.com,adultdatingtraffic.com,04-nov-2021,1635984000.0
adultdeepfakes.com,adultdeepfakes.com,07-feb-2023,1675728000.0
adultdialersolution.com,adultdialersolution.com,28-oct-2021,1635379200.0
adultdvdempire.com,adultdvdempire.com,14-oct-2021,1634169600.0
adultdvdhits.com,adultdvdhits.com,12-sep-2021,1631404800.0
adulteroticastories.com,adulteroticastories.com,06-jun-2021,1622937600.0
adultflex.com,adultflex.com,29-jul-2021,1627516800.0
adultfreex.com,adultfreex.com,15-sep-2021,1631664000.0
adultfriendfinder.com,adultfriendfinder.com,28-nov-2021,1638057600.0
adultfriendfinders.com,adultfriendfinders.com,31-jul-2021,1627689600.0
adultfriendfinders.net,adultfriendfinders.net,12-aug-2021,1628726400.0
adultfriendsearch.com,adultfriendsearch.com,21-jan-2022,1642723200.0
adultgamescollector.com,adultgamescollector.com,16-aug-2021,1629072000.0
adultgameson.com,adultgameson.com,01-aug-2021,1627776000.0
adultgamesportal.com,adultgamesportal.com,23-sep-2021,1632355200.0
adultgamestop.com,adultgamestop.com,18-dec-2021,1639785600.0
adulthostedblogs.com,adulthostedblogs.com,17-may-2021,1621209600.0
adultinc.com,adultinc.com,03-apr-2022,1648944000.0
adultium.com,adultium.com,09-nov-2021,1636416000.0
adultjoy.net,adultjoy.net,02-jul-2021,1625184000.0
adultlab.ru,adultlab.ru,12-feb-2022,1644624000.0
adultlinkexchange.com,adultlinkexchange.com,24-may-2022,1653350400.0
adultmoneymakers.com,adultmoneymakers.com,10-nov-2021,1636502400.0
adultmoviegroup.com,adultmoviegroup.com,17-nov-2021,1637107200.0
adultoffline.com,adultoffline.com,21-aug-2021,1629504000.0
adultpornlist.com,adultpornlist.com,08-dec-2021,1638921600.0
adultsexgame.biz,adultsexgame.biz,04-jul-2021,1625356800.0
adulttrafficads.com,adulttrafficads.com,13-jul-2021,1626134400.0
adultvalleycash.com,adultvalleycash.com,08-sep-2021,1631059200.0
adultvideofinder.com,adultvideofinder.com,17-aug-2021,1629158400.0
adultvideotop.com,adultvideotop.com,22-jul-2021,1626912000.0
adultwebmastersonline.com,adultwebmastersonline.com,25-jul-2021,1627171200.0
adxpansion.com,adxpansion.com,07-jan-2023,1673049600.0
aebn.net,aebn.net,16-feb-2022,1644969600.0
aerisdies.com,aerisdies.com,02-nov-2021,1635811200.0
africanporn.net,africanporn.net,18-jan-2022,1642464000.0
afrikakampos.com,afrikakampos.com,19-jul-2021,1626652800.0
afrilov.com,afrilov.com,12-oct-2021,1633996800.0
afrosex.com,afrosex.com,06-jun-2021,1622937600.0
agaysex.com,agaysex.com,24-aug-2021,1629763200.0
agedvideos.com,agedvideos.com,26-aug-2021,1629936000.0
agnesangel.com,agnesangel.com,04-jan-2022,1641254400.0
ahegao.online,ahegao.online,10-may-2021,1620604800.0
ahjav.com,ahjav.com,13-apr-2021,1618272000.0
al4a.com,al4a.com,26-jun-2021,1624665600.0
alastonsuomi.com,alastonsuomi.com,22-dec-2023,1703203200.0
alexa-xxx.com,alexa-xxx.com,18-feb-2022,1645142400.0
alexisvirgin.com,alexisvirgin.com,18-aug-2021,1629244800.0
alexlegend.com,alexlegend.com,16-jul-2022,1657929600.0
alison-angel-1.com,alison-angel-1.com,10-sep-2021,1631232000.0
alisonangel.com,alisonangel.com,10-dec-2025,1765324800.0
alivegirls.com,alivegirls.com,04-apr-2021,1617494400.0
all-shemale-video.com,all-shemale-video.com,12-dec-2021,1639267200.0
allafricangirls.net,allafricangirls.net,20-oct-2021,1634688000.0
allanal.com,allanal.com,04-may-2021,1620086400.0
allcamsex.com,allcamsex.com,25-feb-2030,1898208000.0
allclassicporn.com,allclassicporn.com,16-mar-2022,1647388800.0
allgrannypics.com,allgrannypics.com,19-apr-2021,1618790400.0
allgravuregirls.com,allgravuregirls.com,15-jun-2021,1623715200.0
allgravuremodels.com,allgravuremodels.com,24-aug-2021,1629763200.0
allhotcams.com,allhotcams.com,16-jul-2021,1626393600.0
allinternal.com,allinternal.com,11-aug-2021,1628640000.0
allisonangel.com,allisonangel.com,14-feb-2022,1644796800.0
allisonangel.info,allisonangel.info,09-feb-2021,1612828800.0
allisonsangels.com,allisonsangels.com,07-jan-2022,1641513600.0
allisonvirgin.com,allisonvirgin.com,31-jul-2021,1627689600.0
alllesbiantube.com,alllesbiantube.com,10-feb-2021,1612915200.0
alllesbianvideos.com,alllesbianvideos.com,17-apr-2021,1618617600.0
allnude.sexy,allnude.sexy,11-aug-2021,1628640000.0
allofgfs.com,allofgfs.com,03-may-2021,1620000000.0
allover30.com,allover30.com,02-jun-2021,1622592000.0
allporncomic.com,allporncomic.com,24-dec-2022,1671840000.0
allpornhits.com,allpornhits.com,09-oct-2021,1633737600.0
allsex.xxx,allsex.xxx,01-jul-2021,1625097600.0
allsexblogs.com,allsexblogs.com,31-jul-2021,1627689600.0
allsexclips.com,allsexclips.com,13-feb-2021,1613174400.0
allsexhub.com,allsexhub.com,14-oct-2021,1634169600.0
allsologirls.com,allsologirls.com,23-oct-2021,1634947200.0
allstarbabes.com,allstarbabes.com,15-oct-2021,1634256000.0
allteenporn.net,allteenporn.net,15-nov-2021,1636934400.0
allteensnude.net,allteensnude.net,07-sep-2021,1630972800.0
alltrannysex.com,alltrannysex.com,10-feb-2021,1612915200.0
alluringporn.com,alluringporn.com,09-oct-2021,1633737600.0
alluringvixens.com,alluringvixens.com,02-dec-2021,1638403200.0
allvideos.us,allvideos.us,20-dec-2021,1639958400.0
almostvirgins.com,almostvirgins.com,08-sep-2021,1631059200.0
alohatube.xyz,alohatube.xyz,13-aug-2021,1628812800.0
alphaerotic.com,alphaerotic.com,16-may-2021,1621123200.0
alsangel.com,alsangel.com,13-jul-2023,1689206400.0
alsangels.com,alsangels.com,26-aug-2023,1693008000.0
alsgalleries.com,alsgalleries.com,18-feb-2022,1645142400.0
alshunter.com,alshunter.com,06-nov-2021,1636156800.0
alsscanangels.com,alsscanangels.com,04-feb-2022,1643932800.0
alt.com,alt.com,02-sep-2021,1630540800.0
alurajensonxxx.com,alurajensonxxx.com,02-jul-2021,1625184000.0
alyssalynn.com,alyssalynn.com,08-jun-2021,1623110400.0
amabitch.com,amabitch.com,08-nov-2021,1636329600.0
amaland.com,amaland.com,23-jul-2021,1626998400.0
amandalist.com,amandalist.com,18-jul-2021,1626566400.0
amateur-beauties.net,amateur-beauties.net,16-jul-2021,1626393600.0
amateur-blogx.com,amateur-blogx.com,21-jun-2021,1624233600.0
amateur-porn-clips.com,amateur-porn-clips.com,09-jun-2021,1623196800.0
amateur-porn-links.com,amateur-porn-links.com,29-may-2021,1622246400.0
amateur-porn-tube.net,amateur-porn-tube.net,09-sep-2021,1631145600.0
amateur.red,amateur.red,04-mar-2021,1614816000.0
amateuralbum.net,amateuralbum.net,17-aug-2029,1881619200.0
amateurarchiver.com,amateurarchiver.com,02-dec-2021,1638403200.0
amateurbdsmporn.com,amateurbdsmporn.com,27-oct-2021,1635292800.0
amateurblowjobporn.com,amateurblowjobporn.com,11-nov-2021,1636588800.0
amateurdump.net,amateurdump.net,05-may-2021,1620172800.0
amateurfap.net,amateurfap.net,11-oct-2021,1633910400.0
amateurfarm.net,amateurfarm.net,21-aug-2021,1629504000.0
amateurfrancais.com,amateurfrancais.com,21-apr-2021,1618963200.0
amateurfuckpictures.com,amateurfuckpictures.com,08-jun-2021,1623110400.0
amateurgalls.com,amateurgalls.com,01-jul-2021,1625097600.0
amateurgalore.net,amateurgalore.net,12-jul-2021,1626048000.0
amateurgirlshot.com,amateurgirlshot.com,03-aug-2025,1754179200.0
amateurgirlspictures.com,amateurgirlspictures.com,08-may-2021,1620432000.0
amateurhousewifefuck.com,amateurhousewifefuck.com,02-mar-2022,1646179200.0
amateurmatch.com,amateurmatch.com,09-feb-2021,1612828800.0
amateurmpeg.net,amateurmpeg.net,03-apr-2021,1617408000.0
amateurnudes69.com,amateurnudes69.com,13-mar-2021,1615593600.0
amateuroldsluts.com,amateuroldsluts.com,27-nov-2021,1637971200.0
amateurpics.site,amateurpics.site,15-feb-2022,1644883200.0
amateurpornpics.pro,amateurpornpics.pro,21-mar-2021,1616284800.0
amateurpornsites.net,amateurpornsites.net,31-oct-2021,1635638400.0
amateurs-gone-wild.com,amateurs-gone-wild.com,02-sep-2021,1630540800.0
amateurseite.com,amateurseite.com,17-feb-2021,1613520000.0
amateursex.sexy,amateursex.sexy,06-jun-2021,1622937600.0
amateurslovesporn.com,amateurslovesporn.com,07-jul-2021,1625616000.0
amateurspornsites.com,amateurspornsites.com,23-feb-2021,1614038400.0
amateursteen.net,amateursteen.net,26-oct-2021,1635206400.0
amateurteenlab.com,amateurteenlab.com,27-aug-2021,1630022400.0
amateurteenpictures.net,amateurteenpictures.net,13-oct-2021,1634083200.0
amateurteensex.xyz,amateurteensex.xyz,16-apr-2021,1618531200.0
amateuryoungpics.com,amateuryoungpics.com,16-nov-2021,1637020800.0
amatorixxx.com,amatorixxx.com,29-oct-2021,1635465600.0
amaturepron.com,amaturepron.com,05-mar-2021,1614902400.0
amazingteenporn.com,amazingteenporn.com,30-may-2021,1622332800.0
amfiles.site,amfiles.site,20-mar-2022,1647734400.0
amfiles.xyz,amfiles.xyz,07-sep-2021,1630972800.0
amourangels.com,amourangels.com,17-apr-2021,1618617600.0
amsterdam-webcams.com,amsterdam-webcams.com,26-may-2021,1621987200.0
amsterdamnightlife.com,amsterdamnightlife.com,23-feb-2021,1614038400.0
amybrookexxx.com,amybrookexxx.com,20-nov-2021,1637366400.0
amyvirgin.com,amyvirgin.com,21-apr-2021,1618963200.0
anal-housewife.com,anal-housewife.com,04-aug-2021,1628035200.0
anal-webcams.com,anal-webcams.com,27-mar-2021,1616803200.0
analcheckup.com,analcheckup.com,06-mar-2021,1614988800.0
analdildolesbians.com,analdildolesbians.com,25-may-2021,1621900800.0
analhomeporn.com,analhomeporn.com,27-nov-2021,1637971200.0
analmature.net,analmature.net,25-feb-2022,1645747200.0
analpeople.com,analpeople.com,19-sep-2021,1632009600.0
analporn.top,analporn.top,31-jul-2021,1627689600.0
analpornfan.com,analpornfan.com,08-jul-2021,1625702400.0
analpornvideos.xxx,analpornvideos.xxx,01-aug-2021,1627776000.0
analsexgifs.com,analsexgifs.com,23-mar-2021,1616457600.0
analsextubes.com,analsextubes.com,14-feb-2022,1644796800.0
analtag.com,analtag.com,25-feb-2021,1614211200.0
analteen.pro,analteen.pro,03-mar-2021,1614729600.0
analteenangels.com,analteenangels.com,21-may-2021,1621555200.0
analtuber.com,analtuber.com,23-sep-2021,1632355200.0
analvids.com,analvids.com,12-apr-2021,1618185600.0
analxxxx.com,analxxxx.com,14-feb-2022,1644796800.0
analyzedgirls.com,analyzedgirls.com,11-dec-2021,1639180800.0
analzoom.com,analzoom.com,03-dec-2021,1638489600.0
ancensored.com,ancensored.com,29-aug-2021,1630195200.0
angel-companions.co.uk,angel-companions.co.uk,31-oct-2021,1635638400.0
angel-exhib.com,angel-exhib.com,08-may-2021,1620432000.0
angel-picpost.com,angel-picpost.com,10-apr-2021,1618012800.0
angel.se,angel.se,10-sep-2021,1631232000.0
angel4christyb.com,angel4christyb.com,21-apr-2021,1618963200.0
angela.nu,angela.nu,16-oct-2021,1634342400.0
angelaandrews.com,angelaandrews.com,22-may-2021,1621641600.0
angelacappetta.com,angelacappetta.com,08-jul-2021,1625702400.0
angeladevi.com,angeladevi.com,22-may-2021,1621641600.0
angelagrant.com,angelagrant.com,28-jan-2022,1643328000.0
angelamelini.com,angelamelini.com,11-dec-2021,1639180800.0
angelarchives.com,angelarchives.com,15-nov-2021,1636934400.0
angelaryan.com,angelaryan.com,10-may-2021,1620604800.0
angelascloset.com,angelascloset.com,20-aug-2021,1629417600.0
angelass.com,angelass.com,01-nov-2021,1635724800.0
angelasummers.com,angelasummers.com,04-dec-2021,1638576000.0
angelbaseball.com,angelbaseball.com,25-jul-2021,1627171200.0
angelbust.com,angelbust.com,26-oct-2021,1635206400.0
angelbutton.com,angelbutton.com,22-mar-2021,1616371200.0
angelcassidy.com,angelcassidy.com,31-jan-2022,1643587200.0
angelchic.com,angelchic.com,06-oct-2021,1633478400.0
angelcream.com,angelcream.com,16-feb-2021,1613433600.0
angelday.info,angelday.info,08-jun-2021,1623110400.0
angeldesign.org,angeldesign.org,02-jan-2022,1641081600.0
angelelle.com,angelelle.com,20-jun-2021,1624147200.0
angelesangelwitch.com,angelesangelwitch.com,14-oct-2022,1665705600.0
angelescitysexguide.com,angelescitysexguide.com,13-apr-2021,1618272000.0
angelesurbanos.com,angelesurbanos.com,15-jun-2022,1655251200.0
angeleyes.ca,angeleyes.ca,09-jan-2026,1767916800.0
angelglam.com,angelglam.com,13-may-2021,1620864000.0
angelicmichele.com,angelicmichele.com,15-aug-2021,1628985600.0
angelie.com,angelie.com,23-jan-2022,1642896000.0
angelika-club.com,angelika-club.com,26-jun-2021,1624665600.0
angelikaminsk.com,angelikaminsk.com,19-jun-2021,1624060800.0
angelina-croft.com,angelina-croft.com,13-feb-2021,1613174400.0
angelina.cz,angelina.cz,16-nov-2021,1637020800.0
angelinaamour.com,angelinaamour.com,03-jan-2022,1641168000.0
angelinaashe.com,angelinaashe.com,09-jun-2021,1623196800.0
angelinaashe.net,angelinaashe.net,12-apr-2021,1618185600.0
angelinaasheblog.com,angelinaasheblog.com,06-nov-2021,1636156800.0
angelinacastrolive.com,angelinacastrolive.com,26-apr-2021,1619395200.0
angelinarossi.com,angelinarossi.com,03-aug-2023,1691020800.0
angelinavirgin.com,angelinavirgin.com,24-jun-2021,1624492800.0
angelinoscoffee.com,angelinoscoffee.com,08-oct-2021,1633651200.0
angelique.net,angelique.net,08-mar-2021,1615161600.0
angeliquekithos.com,angeliquekithos.com,16-sep-2021,1631750400.0
angelkissedfeet.com,angelkissedfeet.com,10-sep-2021,1631232000.0
angellong.com,angellong.com,25-jul-2021,1627171200.0
angelmode.com,angelmode.com,10-dec-2022,1670630400.0
angelmodel.info,angelmodel.info,09-jul-2021,1625788800.0
angelochec.net,angelochec.net,06-sep-2021,1630886400.0
angelplace.com,angelplace.com,28-mar-2023,1679961600.0
angels-archive.com,angels-archive.com,05-feb-2022,1644019200.0
angels-place.com,angels-place.com,07-nov-2021,1636243200.0
angels4you.co.uk,angels4you.co.uk,19-mar-2021,1616112000.0
angels4youleeds.co.uk,angels4youleeds.co.uk,29-aug-2021,1630195200.0
angelscasting.net,angelscasting.net,03-may-2022,1651536000.0
angelsdemonsmasons.com,angelsdemonsmasons.com,13-feb-2022,1644710400.0
angelsdublin.com,angelsdublin.com,04-dec-2021,1638576000.0
angelsfirstaid.com,angelsfirstaid.com,10-jan-2022,1641772800.0
angelshot.net,angelshot.net,26-jun-2021,1624665600.0
angelsinnmanali.com,angelsinnmanali.com,14-nov-2021,1636848000.0
angelsmist.com,angelsmist.com,30-may-2021,1622332800.0
angelsofamsterdam.com,angelsofamsterdam.com,28-feb-2021,1614470400.0
angelsofdeath.info,angelsofdeath.info,05-jan-2022,1641340800.0
angelsofindia.com,angelsofindia.com,07-sep-2021,1630972800.0
angelsoflondon.com,angelsoflondon.com,30-apr-2023,1682812800.0
angelsofmemphis.com,angelsofmemphis.com,06-oct-2021,1633478400.0
angelsofthenight.co.uk,angelsofthenight.co.uk,15-nov-2021,1636934400.0
angelsordevils.com,angelsordevils.com,18-jun-2021,1623974400.0
angelsunlimited.com,angelsunlimited.com,07-jul-2022,1657152000.0
angelswifelovers.com,angelswifelovers.com,06-oct-2021,1633478400.0
angelwoods.com,angelwoods.com,23-jan-2022,1642896000.0
angryvids.com,angryvids.com,03-jun-2021,1622678400.0
animal-cartoons.com,animal-cartoons.com,06-jan-2022,1641427200.0
animal-hentai.com,animal-hentai.com,01-dec-2021,1638316800.0
animal-porn.net,animal-porn.net,12-dec-2021,1639267200.0
animal-sex-videos.com,animal-sex-videos.com,01-jun-2021,1622505600.0
animalforsex.com,animalforsex.com,12-dec-2021,1639267200.0
animalporn.asia,animalporn.asia,01-oct-2021,1633046400.0
animalporn.link,animalporn.link,25-jan-2022,1643068800.0
animalporn.stream,animalporn.stream,01-oct-2022,1664582400.0
animalpornxxx.me,animalpornxxx.me,14-dec-2021,1639440000.0
animalrating.com,animalrating.com,14-jul-2021,1626220800.0
animals-sperm.top,animals-sperm.top,30-aug-2021,1630281600.0
animalsex-clips.top,animalsex-clips.top,30-aug-2021,1630281600.0
animalsex-top.top,animalsex-top.top,30-aug-2021,1630281600.0
animalsex.me,animalsex.me,02-nov-2022,1667347200.0
animalsex.party,animalsex.party,02-nov-2022,1667347200.0
animalsexgay.com,animalsexgay.com,08-aug-2021,1628380800.0
animalsexhere.top,animalsexhere.top,30-aug-2021,1630281600.0
animalsexmania.net,animalsexmania.net,19-feb-2022,1645228800.0
animalsexporn.net,animalsexporn.net,17-dec-2022,1671235200.0
animalsexporntube.com,animalsexporntube.com,03-may-2022,1651536000.0
animalsexpornxxxmovies.com,animalsexpornxxxmovies.com,08-dec-2021,1638921600.0
animalsexscene.com,animalsexscene.com,18-apr-2021,1618704000.0
animalsporn.net,animalsporn.net,12-dec-2021,1639267200.0
animalsporn.tv,animalsporn.tv,07-oct-2021,1633564800.0
animalxnxx.top,animalxnxx.top,29-nov-2021,1638144000.0
animopron.com,animopron.com,24-mar-2024,1711238400.0
aniwatcher.com,aniwatcher.com,12-aug-2021,1628726400.0
ann-angel-1.com,ann-angel-1.com,10-sep-2021,1631232000.0
ann-angel.com,ann-angel.com,03-aug-2021,1627948800.0
annangel.com,annangel.com,27-oct-2021,1635292800.0
annas-angels.co.uk,annas-angels.co.uk,24-nov-2023,1700784000.0
annasassets.com,annasassets.com,26-nov-2021,1637884800.0
annavirgin.com,annavirgin.com,26-jul-2021,1627257600.0
annuaire-x.com,annuaire-x.com,09-jun-2021,1623196800.0
annuairesexeporno.com,annuairesexeporno.com,15-nov-2021,1636934400.0
antarvasnapornvideos.com,antarvasnapornvideos.com,14-apr-2021,1618358400.0
antivirgins.com,antivirgins.com,06-apr-2021,1617667200.0
anudeart.com,anudeart.com,05-jun-2022,1654387200.0
anybunny.com,anybunny.com,21-may-2022,1653091200.0
anymad.com,anymad.com,17-dec-2021,1639699200.0
anyporn.club,anyporn.club,21-aug-2021,1629504000.0
anysex.pro,anysex.pro,21-aug-2021,1629504000.0
anyshemale.com,anyshemale.com,09-dec-2021,1639008000.0
anyxxx.mobi,anyxxx.mobi,19-aug-2021,1629331200.0
apina.biz,apina.biz,15-jan-2022,1642204800.0
apinaporn.com,apinaporn.com,13-may-2021,1620864000.0
apornlist.com,apornlist.com,06-nov-2021,1636156800.0
aquoid.com,aquoid.com,16-mar-2021,1615852800.0
arabgirlsinthehood.info,arabgirlsinthehood.info,19-may-2021,1621382400.0
arabianchicks.com,arabianchicks.com,26-apr-2021,1619395200.0
arabictopics.com,arabictopics.com,24-jun-2021,1624492800.0
arabks.com,arabks.com,13-may-2021,1620864000.0
arabs3x.net,arabs3x.net,01-dec-2021,1638316800.0
arabssex.org,arabssex.org,02-aug-2021,1627862400.0
arabvirgin.com,arabvirgin.com,09-may-2021,1620518400.0
arabysexy.com,arabysexy.com,07-feb-2022,1644192000.0
arcadehentai.com,arcadehentai.com,30-jul-2021,1627603200.0
ardientes.xyz,ardientes.xyz,02-feb-2022,1643760000.0
arenaporno.com,arenaporno.com,25-apr-2021,1619308800.0
ariellaferrera.com,ariellaferrera.com,02-dec-2021,1638403200.0
arkhangelskiy.com,arkhangelskiy.com,20-nov-2021,1637366400.0
arrobapay.com,arrobapay.com,28-sep-2021,1632787200.0
artnudegalleries.com,artnudegalleries.com,16-aug-2021,1629072000.0
artserotica.com,artserotica.com,23-dec-2021,1640217600.0
artyboys.com,artyboys.com,09-mar-2021,1615248000.0
asaakira.com,asaakira.com,27-apr-2021,1619481600.0
asciipr0n.com,asciipr0n.com,27-may-2030,1906070400.0
asexon.com,asexon.com,13-oct-2021,1634083200.0
asexstories.com,asexstories.com,24-aug-2021,1629763200.0
asexyblonde.com,asexyblonde.com,24-jan-2022,1642982400.0
ashemale.one,ashemale.one,23-may-2023,1684800000.0
ashemaletv.com,ashemaletv.com,07-jul-2023,1688688000.0
asiablue.com,asiablue.com,30-mar-2021,1617062400.0
asiamoviepass.com,asiamoviepass.com,24-aug-2021,1629763200.0
asian-mom-sex.com,asian-mom-sex.com,04-jul-2021,1625356800.0
asian-tube.net,asian-tube.net,01-apr-2021,1617235200.0
asian18tube.com,asian18tube.com,20-feb-2022,1645315200.0
asian3x.net,asian3x.net,31-may-2021,1622419200.0
asianbabepics.com,asianbabepics.com,09-sep-2021,1631145600.0
asianbutterflies.com,asianbutterflies.com,22-jun-2021,1624320000.0
asiangirlfriendclub.com,asiangirlfriendclub.com,13-dec-2021,1639353600.0
asianhamster.com,asianhamster.com,19-mar-2022,1647648000.0
asianparade.com,asianparade.com,12-feb-2021,1613088000.0
asianplayboy.com,asianplayboy.com,19-sep-2021,1632009600.0
asianporn.life,asianporn.life,22-mar-2021,1616371200.0
asianporn.love,asianporn.love,09-may-2021,1620518400.0
asianporn.photos,asianporn.photos,16-mar-2021,1615852800.0
asianporn.tube,asianporn.tube,23-feb-2021,1614038400.0
asianpornmovies.com,asianpornmovies.com,17-aug-2021,1629158400.0
asianporno.me,asianporno.me,10-feb-2021,1612915200.0
asianpornpics.io,asianpornpics.io,26-jul-2021,1627257600.0
asianpornpussy.xxx,asianpornpussy.xxx,22-dec-2021,1640131200.0
asianpornteens.com,asianpornteens.com,12-feb-2021,1613088000.0
asianpornvideo.xxx,asianpornvideo.xxx,17-feb-2022,1645056000.0
asianrape.tv,asianrape.tv,16-sep-2021,1631750400.0
asianscandal.net,asianscandal.net,23-dec-2021,1640217600.0
asiansex.life,asiansex.life,22-mar-2021,1616371200.0
asiansex.pics,asiansex.pics,22-sep-2021,1632268800.0
asiansexgfs.com,asiansexgfs.com,06-may-2021,1620259200.0
asiansforyou.net,asiansforyou.net,04-apr-2021,1617494400.0
asiansfuck.net,asiansfuck.net,20-oct-2021,1634688000.0
asiansister.com,asiansister.com,21-nov-2021,1637452800.0
asianstreetmeat.com,asianstreetmeat.com,14-nov-2023,1699920000.0
asianteenporn.live,asianteenporn.live,22-mar-2021,1616371200.0
asianteenporn.tv,asianteenporn.tv,29-may-2021,1622246400.0
asianthumbs.org,asianthumbs.org,07-nov-2021,1636243200.0
asiantube.porn,asiantube.porn,20-jul-2021,1626739200.0
asiantubeteen.com,asiantubeteen.com,10-nov-2021,1636502400.0
asiantv.fun,asiantv.fun,07-dec-2021,1638835200.0
asianxtv.com,asianxtv.com,12-feb-2021,1613088000.0
asianxxx.pro,asianxxx.pro,31-jul-2021,1627689600.0
asianxxx.tv,asianxxx.tv,05-sep-2021,1630800000.0
asianxxxtube.net,asianxxxtube.net,09-mar-2021,1615248000.0
asktiava.com,asktiava.com,25-jan-2022,1643068800.0
aspniinn.com,aspniinn.com,29-aug-2021,1630195200.0
ass1st.com,ass1st.com,07-aug-2021,1628294400.0
ass2waist.com,ass2waist.com,24-dec-2021,1640304000.0
ass4all.com,ass4all.com,26-mar-2021,1616716800.0
assangels.com,assangels.com,04-jun-2021,1622764800.0
assholefever.com,assholefever.com,06-jul-2021,1625529600.0
assisass.com,assisass.com,18-feb-2022,1645142400.0
assoass.com,assoass.com,29-oct-2021,1635465600.0
assoass.global,assoass.global,06-may-2021,1620259200.0
assteenmouth.com,assteenmouth.com,12-sep-2021,1631404800.0
asstraffic.com,asstraffic.com,11-aug-2021,1628640000.0
assvirgins.net,assvirgins.net,23-feb-2021,1614038400.0
astridsangels.com,astridsangels.com,17-aug-2021,1629158400.0
atfbooru.ninja,atfbooru.ninja,30-jul-2021,1627603200.0
atkmodels.com,atkmodels.com,22-nov-2021,1637539200.0
atkpussies.com,atkpussies.com,06-nov-2021,1636156800.0
atmovs.com,atmovs.com,02-mar-2021,1614643200.0
aussieass.com,aussieass.com,28-sep-2021,1632787200.0
aussiepov.com,aussiepov.com,23-aug-2021,1629676800.0
aussiespeedoguy.org,aussiespeedoguy.org,17-sep-2021,1631836800.0
autolinkweb.com,autolinkweb.com,01-apr-2021,1617235200.0
av-uncen.com,av-uncen.com,11-apr-2021,1618099200.0
av25hrs.com,av25hrs.com,11-apr-2021,1618099200.0
av69.tv,av69.tv,14-jun-2021,1623628800.0
avadevine.com,avadevine.com,14-jul-2024,1720915200.0
avair.top,avair.top,05-jun-2022,1654387200.0
avatarcash.com,avatarcash.com,21-jul-2021,1626825600.0
avcrempie.com,avcrempie.com,03-feb-2022,1643846400.0
averagenudes.com,averagenudes.com,01-jun-2021,1622505600.0
averoticamodels.com,averoticamodels.com,15-jun-2021,1623715200.0
avfay.com,avfay.com,05-jun-2021,1622851200.0
avforme.com,avforme.com,01-jun-2023,1685577600.0
avgle.com,avgle.com,28-nov-2022,1669593600.0
avidolsex.com,avidolsex.com,21-dec-2021,1640044800.0
avisex.net,avisex.net,07-jun-2021,1623024000.0
avli.me,avli.me,23-feb-2021,1614038400.0
avmars.com,avmars.com,28-dec-2021,1640649600.0
avn.com,avn.com,07-apr-2022,1649289600.0
avsoeasy.com,avsoeasy.com,03-jul-2021,1625270400.0
avsox.cyou,avsox.cyou,19-aug-2021,1629331200.0
avwend.com,avwend.com,03-jul-2021,1625270400.0
awejmp.com,awejmp.com,30-jun-2021,1625011200.0
aweporn.com,aweporn.com,14-apr-2021,1618358400.0
awesomebrunettes.com,awesomebrunettes.com,24-jan-2022,1642982400.0
awinters.xxx,awinters.xxx,22-apr-2021,1619049600.0
awmads.com,awmads.com,16-may-2021,1621123200.0
awms-network.com,awms-network.com,13-dec-2021,1639353600.0
ayanaangel.com,ayanaangel.com,24-apr-2021,1619222400.0
az7t1.com,az7t1.com,26-dec-2021,1640476800.0
azblowjobtube.com,azblowjobtube.com,12-mar-2022,1647043200.0
azianiiron.com,azianiiron.com,24-jan-2022,1642982400.0
azianimodels.com,azianimodels.com,15-jun-2021,1623715200.0
azkempire.com,azkempire.com,30-nov-2023,1701302400.0
azziana.com,azziana.com,21-dec-2021,1640044800.0
azzporn.com,azzporn.com,18-jul-2021,1626566400.0
b44.com,b44.com,23-apr-2022,1650672000.0
babe8.net,babe8.net,11-may-2021,1620691200.0
babedrop.net,babedrop.net,16-nov-2021,1637020800.0
babedump.com,babedump.com,26-jun-2021,1624665600.0
babeglam.com,babeglam.com,23-oct-2021,1634947200.0
babehub.com,babehub.com,21-jul-2021,1626825600.0
baberotica.com,baberotica.com,20-mar-2021,1616198400.0
babes-club.com,babes-club.com,30-may-2021,1622332800.0
babesandbitches.net,babesandbitches.net,17-apr-2021,1618617600.0
babesandgirls.com,babesandgirls.com,08-jan-2023,1673136000.0
babesdaily.com,babesdaily.com,28-oct-2021,1635379200.0
babesfirst.com,babesfirst.com,29-sep-2021,1632873600.0
babesoftwistys.com,babesoftwistys.com,20-apr-2021,1618876800.0
babesource.com,babesource.com,11-sep-2023,1694390400.0
babespros.com,babespros.com,11-oct-2021,1633910400.0
babesrater.com,babesrater.com,05-mar-2023,1677974400.0
babesxworld.com,babesxworld.com,28-mar-2021,1616889600.0
babetales.com,babetales.com,14-jan-2022,1642118400.0
babetots.com,babetots.com,23-oct-2021,1634947200.0
backroomfuckers.com,backroomfuckers.com,06-aug-2021,1628208000.0
backseatbangers.com,backseatbangers.com,11-dec-2021,1639180800.0
badoinkvr.com,badoinkvr.com,25-mar-2021,1616630400.0
badpuppy.com,badpuppy.com,09-aug-2021,1628467200.0
badteenspunished.com,badteenspunished.com,02-mar-2024,1709337600.0
badvirtue.com,badvirtue.com,09-feb-2022,1644364800.0
baeb.com,baeb.com,08-may-2021,1620432000.0
baisepartout.com,baisepartout.com,02-jun-2021,1622592000.0
baixarhentai.net,baixarhentai.net,09-jun-2021,1623196800.0
balletflatsfetish.com,balletflatsfetish.com,25-apr-2021,1619308800.0
baltictop.com,baltictop.com,17-dec-2021,1639699200.0
bananabunny.com,bananabunny.com,30-apr-2021,1619740800.0
bananaguide.com,bananaguide.com,16-jun-2025,1750032000.0
banditmovies.com,banditmovies.com,21-apr-2021,1618963200.0
bangbros.com,bangbros.com,01-mar-2022,1646092800.0
bangbros18.com,bangbros18.com,28-may-2021,1622160000.0
bangbrosteenporn.com,bangbrosteenporn.com,24-jul-2021,1627084800.0
bangbus.com,bangbus.com,22-mar-2022,1647907200.0
bangteenpussy.com,bangteenpussy.com,21-jun-2021,1624233600.0
bangtubevideos.com,bangtubevideos.com,09-jan-2022,1641686400.0
bannedcelebs.com,bannedcelebs.com,14-apr-2022,1649894400.0
bannerout.com,bannerout.com,16-jan-2022,1642291200.0
barbcummings.com,barbcummings.com,02-jun-2021,1622592000.0
barebackistan.com,barebackistan.com,12-jul-2022,1657584000.0
baredump.com,baredump.com,11-oct-2021,1633910400.0
basal.ca,basal.ca,14-jan-2025,1736812800.0
basepornxxx.com,basepornxxx.com,03-jun-2021,1622678400.0
bazoocam.org,bazoocam.org,31-mar-2021,1617148800.0
bbwjapanese.com,bbwjapanese.com,05-jul-2021,1625443200.0
bbwmilftube.com,bbwmilftube.com,15-nov-2021,1636934400.0
bbwsexpicsmovies.com,bbwsexpicsmovies.com,23-apr-2021,1619136000.0
bbwxxxchat.com,bbwxxxchat.com,15-feb-2021,1613347200.0
bdsm-zone.com,bdsm-zone.com,10-jun-2021,1623283200.0
bdsm.one,bdsm.one,16-may-2021,1621123200.0
bdsmbizarre.com,bdsmbizarre.com,07-jul-2021,1625616000.0
bdsmboard.org,bdsmboard.org,10-aug-2021,1628553600.0
bdsmlibrary.com,bdsmlibrary.com,22-feb-2021,1613952000.0
bdsmofficial.com,bdsmofficial.com,04-aug-2022,1659571200.0
bdsmphotos.net,bdsmphotos.net,12-apr-2021,1618185600.0
bdsmstreak.com,bdsmstreak.com,14-apr-2021,1618358400.0
bdsmtheory.com,bdsmtheory.com,11-nov-2021,1636588800.0
bdsmxxxmovies.com,bdsmxxxmovies.com,16-nov-2021,1637020800.0
bdsmyou.com,bdsmyou.com,09-nov-2021,1636416000.0
beachboobs.xyz,beachboobs.xyz,28-oct-2021,1635379200.0
beachtoplist.com,beachtoplist.com,17-feb-2021,1613520000.0
beastiality.tv,beastiality.tv,15-oct-2021,1634256000.0
beastysexlinks.com,beastysexlinks.com,11-may-2021,1620691200.0
beastythumbs.com,beastythumbs.com,28-apr-2021,1619568000.0
beautiful-bodies.com,beautiful-bodies.com,07-feb-2022,1644192000.0
beautifulhairypussy.com,beautifulhairypussy.com,03-nov-2021,1635897600.0
beautifulteensex.com,beautifulteensex.com,08-nov-2021,1636329600.0
beautynudeart.com,beautynudeart.com,13-sep-2021,1631491200.0
beautyshemales.com,beautyshemales.com,02-jul-2021,1625184000.0
beeg.com,beeg.com,10-aug-2024,1723248000.0
beeg.family,beeg.family,08-jan-2022,1641600000.0
beeg.icu,beeg.icu,16-nov-2021,1637020800.0
beeg.kim,beeg.kim,22-nov-2021,1637539200.0
beeg.services,beeg.services,01-jan-2022,1640995200.0
beeg.team,beeg.team,18-feb-2022,1645142400.0
beeg.wtf,beeg.wtf,23-jan-2022,1642896000.0
befuck.net,befuck.net,20-dec-2021,1639958400.0
bejav.net,bejav.net,29-nov-2021,1638144000.0
bellaporn.xyz,bellaporn.xyz,19-dec-2021,1639872000.0
benaughty.com,benaughty.com,28-mar-2026,1774656000.0
berufsbildungsbericht.info,berufsbildungsbericht.info,05-sep-2021,1630800000.0
best-free-porn-sites.com,best-free-porn-sites.com,20-sep-2021,1632096000.0
best-gay-lesbian-dating-websites.com,best-gay-lesbian-dating-websites.com,01-dec-2022,1669852800.0
best-paypornsites.com,best-paypornsites.com,09-nov-2021,1636416000.0
best-paypornsites.net,best-paypornsites.net,13-dec-2021,1639353600.0
best-porn-clips.com,best-porn-clips.com,10-nov-2021,1636502400.0
best-sex-vids.com,best-sex-vids.com,04-feb-2022,1643932800.0
best10.net,best10.net,26-jan-2022,1643155200.0
best10pornsites.com,best10pornsites.com,15-jul-2021,1626307200.0
best10pornweb.com,best10pornweb.com,26-apr-2021,1619395200.0
bestamateurpornsites.net,bestamateurpornsites.net,23-feb-2021,1614038400.0
bestamateursporn.com,bestamateursporn.com,23-feb-2021,1614038400.0
bestanalpornsites.com,bestanalpornsites.com,05-may-2021,1620172800.0
bestandfreeporn.com,bestandfreeporn.com,17-dec-2021,1639699200.0
bestarabtube.com,bestarabtube.com,18-feb-2022,1645142400.0
bestartnudes.com,bestartnudes.com,10-jun-2021,1623283200.0
bestfreepornvideos.com,bestfreepornvideos.com,30-aug-2021,1630281600.0
bestfreesexporn.com,bestfreesexporn.com,26-dec-2021,1640476800.0
bestfreesexporn.net,bestfreesexporn.net,26-dec-2021,1640476800.0
besthairyporn.com,besthairyporn.com,23-mar-2021,1616457600.0
besthandjobporn.com,besthandjobporn.com,28-jul-2021,1627430400.0
besthdsexvideo.com,besthdsexvideo.com,14-jul-2021,1626220800.0
besthotdates.com,besthotdates.com,23-may-2021,1621728000.0
besthugecocks.com,besthugecocks.com,19-mar-2021,1616112000.0
bestiality-sex.com,bestiality-sex.com,10-jan-2022,1641772800.0
bestialitysextaboo.com,bestialitysextaboo.com,31-mar-2023,1680220800.0
bestindiansex.com,bestindiansex.com,21-dec-2021,1640044800.0
bestjavporn.com,bestjavporn.com,13-jan-2022,1642032000.0
bestlist.top,bestlist.top,31-may-2021,1622419200.0
bestlistofporn.com,bestlistofporn.com,24-may-2021,1621814400.0
bestlivecamgirls.com,bestlivecamgirls.com,27-jul-2021,1627344000.0
bestofbritneyamber.com,bestofbritneyamber.com,30-dec-2021,1640822400.0
bestofsexvids.com,bestofsexvids.com,23-nov-2021,1637625600.0
bestporn.net,bestporn.net,21-jul-2021,1626825600.0
bestporn24.com,bestporn24.com,03-sep-2021,1630627200.0
bestpornamateur.com,bestpornamateur.com,28-nov-2021,1638057600.0
bestpornmenu.com,bestpornmenu.com,20-aug-2021,1629417600.0
bestpornsites.biz,bestpornsites.biz,15-dec-2021,1639526400.0
bestpornsites.co.uk,bestpornsites.co.uk,08-oct-2021,1633651200.0
bestpornsites.net,bestpornsites.net,08-sep-2021,1631059200.0
bestpornstars.xxx,bestpornstars.xxx,08-jul-2021,1625702400.0
bestseximages.com,bestseximages.com,23-may-2021,1621728000.0
bestshemalesex.com,bestshemalesex.com,05-dec-2021,1638662400.0
bestsouthindiansex.com,bestsouthindiansex.com,01-oct-2021,1633046400.0
bestteenpalace.com,bestteenpalace.com,08-aug-2021,1628380800.0
bestteenporn.net,bestteenporn.net,13-oct-2021,1634083200.0
besttrannypornsites.com,besttrannypornsites.com,23-feb-2021,1614038400.0
bestwebcamsites.com,bestwebcamsites.com,07-mar-2022,1646611200.0
bestxxxfuck.com,bestxxxfuck.com,14-feb-2022,1644796800.0
bestyoungporn.com,bestyoungporn.com,17-may-2021,1621209600.0
bestyoungpornsites.com,bestyoungpornsites.com,15-oct-2021,1634256000.0
bestyoungsex.com,bestyoungsex.com,17-may-2021,1621209600.0
betterhdporn.com,betterhdporn.com,29-jun-2021,1624924800.0
bgclive.com,bgclive.com,15-dec-2021,1639526400.0
big-big-gay.com,big-big-gay.com,31-oct-2021,1635638400.0
bigassporn.tv,bigassporn.tv,28-dec-2021,1640649600.0
bigbangempire.com,bigbangempire.com,26-apr-2021,1619395200.0
bigbbwtube.net,bigbbwtube.net,20-may-2021,1621468800.0
bigboobbettys.com,bigboobbettys.com,02-feb-2022,1643760000.0
bigboobs.rocks,bigboobs.rocks,08-jul-2022,1657238400.0
bigboobsparadise.com,bigboobsparadise.com,22-may-2021,1621641600.0
bigbootymania.com,bigbootymania.com,01-sep-2021,1630454400.0
bigbootytube.net,bigbootytube.net,19-jan-2022,1642550400.0
bigbootytube.xxx,bigbootytube.xxx,23-may-2021,1621728000.0
bigmatureass.net,bigmatureass.net,07-oct-2021,1633564800.0
bignatural.ws,bignatural.ws,18-jun-2021,1623974400.0
bignaturalknockers.com,bignaturalknockers.com,04-nov-2021,1635984000.0
bigtitangels.com,bigtitangels.com,23-mar-2021,1616457600.0
bigtithound.com,bigtithound.com,27-mar-2021,1616803200.0
bigtitszone.com,bigtitszone.com,18-may-2021,1621296000.0
bikini-heat.com,bikini-heat.com,15-jun-2021,1623715200.0
bikini-pleasure.com,bikini-pleasure.com,08-jun-2021,1623110400.0
billpics.com,billpics.com,22-dec-2021,1640131200.0
bimbo.cam,bimbo.cam,18-may-2021,1621296000.0
biqle.ru,biqle.ru,21-mar-2022,1647820800.0
bisexualdave.com,bisexualdave.com,02-feb-2022,1643760000.0
bitch-show.com,bitch-show.com,08-oct-2021,1633651200.0
bitchdump.com,bitchdump.com,06-jan-2022,1641427200.0
bizarremania.com,bizarremania.com,22-jun-2021,1624320000.0
blackamateurfuck.com,blackamateurfuck.com,27-oct-2021,1635292800.0
blackandshiny.com,blackandshiny.com,28-jun-2021,1624838400.0
blackangelica.com,blackangelica.com,03-jan-2022,1641168000.0
blackassangels.com,blackassangels.com,09-oct-2021,1633737600.0
blackgfsex.com,blackgfsex.com,19-jan-2022,1642550400.0
blackgirlslust.com,blackgirlslust.com,12-sep-2022,1662940800.0
blacklesbianporn.org,blacklesbianporn.org,03-feb-2022,1643846400.0
blacknakedgirl.com,blacknakedgirl.com,25-mar-2021,1616630400.0
blackteenpictures.com,blackteenpictures.com,08-jun-2021,1623110400.0
blacktgirlsex.com,blacktgirlsex.com,28-nov-2021,1638057600.0
blacktrannynow.com,blacktrannynow.com,03-nov-2021,1635897600.0
blackvirgins.com,blackvirgins.com,15-oct-2021,1634256000.0
blackystars.com,blackystars.com,07-aug-2021,1628294400.0
blackz.com,blackz.com,12-oct-2021,1633996800.0
bleachpixxx.com,bleachpixxx.com,05-jan-2022,1641340800.0
blogangela.com,blogangela.com,12-jan-2022,1641945600.0
blogbang.com,blogbang.com,08-oct-2021,1633651200.0
blogbugs.org,blogbugs.org,04-sep-2021,1630713600.0
blogs-list.com,blogs-list.com,24-feb-2022,1645660800.0
blogtur.com,blogtur.com,14-oct-2021,1634169600.0
blondemilfslut.com,blondemilfslut.com,05-feb-2022,1644019200.0
blondewebcams.com,blondewebcams.com,08-oct-2021,1633651200.0
blondexxxmag.com,blondexxxmag.com,21-mar-2021,1616284800.0
bloodangels.com,bloodangels.com,30-jan-2022,1643500800.0
bloodyvirgin.com,bloodyvirgin.com,21-jun-2021,1624233600.0
blowingangels.com,blowingangels.com,25-oct-2021,1635120000.0
blowxxxtube.com,blowxxxtube.com,27-jan-2022,1643241600.0
bluecam.com,bluecam.com,16-jun-2021,1623801600.0
bluewebcams.com,bluewebcams.com,26-jul-2021,1627257600.0
bobiporn.com,bobiporn.com,28-may-2021,1622160000.0
bobs-tube.com,bobs-tube.com,23-may-2021,1621728000.0
bodgirls.com,bodgirls.com,13-oct-2021,1634083200.0
bokepbarat.mobi,bokepbarat.mobi,22-jun-2021,1624320000.0
bondage-porno.net,bondage-porno.net,07-may-2021,1620345600.0
bondageblog.org,bondageblog.org,19-nov-2021,1637280000.0
bondagecompanion.com,bondagecompanion.com,26-may-2021,1621987200.0
bondagepictures.net,bondagepictures.net,23-may-2021,1621728000.0
bondageporn.xxx,bondageporn.xxx,02-feb-2022,1643760000.0
bondagescan.com,bondagescan.com,13-mar-2021,1615593600.0
bondagewebcams.com,bondagewebcams.com,08-jun-2021,1623110400.0
bongacash.com,bongacash.com,18-jun-2022,1655510400.0
boobcritic.com,boobcritic.com,22-aug-2021,1629590400.0
boobies-daily.org,boobies-daily.org,08-apr-2022,1649376000.0
boobs-4u.com,boobs-4u.com,27-nov-2021,1637971200.0
boobsandtits.co.uk,boobsandtits.co.uk,24-jan-2022,1642982400.0
boobscategory.com,boobscategory.com,10-jun-2021,1623283200.0
boodigo.com,boodigo.com,11-jan-2023,1673395200.0
bookoferotica.com,bookoferotica.com,18-apr-2021,1618704000.0
bookofsex.com,bookofsex.com,18-jul-2021,1626566400.0
bootyfix.com,bootyfix.com,15-mar-2021,1615766400.0
bootyoftheday.co,bootyoftheday.co,10-may-2021,1620604800.0
boredjumbo.com,boredjumbo.com,17-oct-2021,1634428800.0
borwap.com,borwap.com,05-aug-2021,1628121600.0
boundandbanged.com,boundandbanged.com,28-mar-2022,1648425600.0
bountyhunterporn.com,bountyhunterporn.com,02-mar-2024,1709337600.0
box066.com,box066.com,13-mar-2021,1615593600.0
boy18tube.com,boy18tube.com,21-may-2021,1621555200.0
boyester.xxx,boyester.xxx,04-sep-2021,1630713600.0
boyfriendnetwork.com,boyfriendnetwork.com,28-jul-2021,1627430400.0
boyfuckmovie.com,boyfuckmovie.com,06-jun-2021,1622937600.0
boymoviedome.com,boymoviedome.com,20-mar-2021,1616198400.0
boyporn.pro,boyporn.pro,19-jun-2021,1624060800.0
boypost.com,boypost.com,13-apr-2021,1618272000.0
boysextube.tv,boysextube.tv,04-may-2022,1651622400.0
boysfood.com,boysfood.com,31-aug-2021,1630368000.0
boysfucks.com,boysfucks.com,09-jun-2021,1623196800.0
boysontube.com,boysontube.com,21-apr-2021,1618963200.0
boywankers.com,boywankers.com,09-sep-2025,1757376000.0
brandnewfaces.com,brandnewfaces.com,20-aug-2024,1724112000.0
brandys-box.com,brandys-box.com,26-nov-2021,1637884800.0
brattysis.com,brattysis.com,13-feb-2024,1707782400.0
bravoatk.com,bravoatk.com,04-jun-2021,1622764800.0
bravoerotica.com,bravoerotica.com,02-mar-2022,1646179200.0
bravoftv.com,bravoftv.com,27-sep-2021,1632700800.0
bravomediagroup.com,bravomediagroup.com,07-nov-2021,1636243200.0
bravonude.com,bravonude.com,02-mar-2022,1646179200.0
bravopornstars.com,bravopornstars.com,27-jan-2022,1643241600.0
bravsbookmarks.com,bravsbookmarks.com,28-jan-2022,1643328000.0
brazzers.com,brazzers.com,02-dec-2021,1638403200.0
brazzers.xxx,brazzers.xxx,13-oct-2022,1665619200.0
brazzershd.net,brazzershd.net,17-feb-2022,1645056000.0
brazzersnetwork.com,brazzersnetwork.com,23-dec-2021,1640217600.0
brdteengal.com,brdteengal.com,07-nov-2021,1636243200.0
breathlesswhispers.com,breathlesswhispers.com,21-sep-2021,1632182400.0
briannajordan.com,briannajordan.com,04-sep-2021,1630713600.0
brightdesire.com,brightdesire.com,05-jan-2022,1641340800.0
bristollair.com,bristollair.com,27-apr-2021,1619481600.0
britbuk.com,britbuk.com,16-apr-2021,1618531200.0
britishcoeds.com,britishcoeds.com,05-mar-2022,1646438400.0
britishgrandma.com,britishgrandma.com,16-nov-2021,1637020800.0
britishupskirtpantypervert.com,britishupskirtpantypervert.com,03-sep-2024,1725321600.0
britneyvirgin.com,britneyvirgin.com,19-sep-2021,1632009600.0
bronzeadultblogs.com,bronzeadultblogs.com,27-nov-2021,1637971200.0
brunetteangel.com,brunetteangel.com,22-oct-2021,1634860800.0
brutalfetish.com,brutalfetish.com,09-sep-2021,1631145600.0
brutalinvasion.com,brutalinvasion.com,25-may-2021,1621900800.0
bubbaporn.com,bubbaporn.com,13-mar-2021,1615593600.0
bubblebuttbonanza.com,bubblebuttbonanza.com,27-oct-2021,1635292800.0
bubblebuttsgalore.com,bubblebuttsgalore.com,28-sep-2021,1632787200.0
bubbleclips.com,bubbleclips.com,30-sep-2030,1916956800.0
buby.xyz,buby.xyz,11-jun-2021,1623369600.0
buck-angel.com,buck-angel.com,10-mar-2021,1615334400.0
buckangelvod.com,buckangelvod.com,23-jan-2022,1642896000.0
buenhentai.com,buenhentai.com,13-may-2021,1620864000.0
bullporn.com,bullporn.com,07-may-2021,1620345600.0
bumsfilme.net,bumsfilme.net,17-sep-2023,1694908800.0
bunchafreepics.com,bunchafreepics.com,04-may-2021,1620086400.0
bunny-net.com,bunny-net.com,31-jul-2021,1627689600.0
bunnylust.info,bunnylust.info,20-sep-2021,1632096000.0
burningangel.com,burningangel.com,16-apr-2027,1807833600.0
burningangel.net,burningangel.net,04-dec-2021,1638576000.0
burningcamel.com,burningcamel.com,27-jan-2022,1643241600.0
bursasporteam.com,bursasporteam.com,04-jul-2021,1625356800.0
buscaporno.gratis,buscaporno.gratis,04-mar-2021,1614816000.0
bushyorhairy.com,bushyorhairy.com,21-sep-2022,1663718400.0
bustyblisss.com,bustyblisss.com,19-feb-2022,1645228800.0
bustyblondes.sexy,bustyblondes.sexy,01-jul-2021,1625097600.0
bustynympha.com,bustynympha.com,25-aug-2021,1629849600.0
bustysirens.com,bustysirens.com,14-may-2021,1620950400.0
bustyvixen.net,bustyvixen.net,07-nov-2021,1636243200.0
buttnakedinthestreets.com,buttnakedinthestreets.com,10-mar-2022,1646870400.0
buyproventil.info,buyproventil.info,07-aug-2021,1628294400.0
bwlesbians.com,bwlesbians.com,17-may-2021,1621209600.0
bzazi.com,bzazi.com,09-dec-2021,1639008000.0
c-c.one,c-c.one,05-dec-2021,1638662400.0
cadillacangels.com,cadillacangels.com,30-jul-2021,1627603200.0
cakepornvids.com,cakepornvids.com,03-jun-2021,1622678400.0
californiavirgins.com,californiavirgins.com,01-jun-2021,1622505600.0
callidus-mc.com,callidus-mc.com,30-mar-2021,1617062400.0
cam4ultimate.com,cam4ultimate.com,29-jun-2021,1624924800.0
cambeaver.cam,cambeaver.cam,18-may-2021,1621296000.0
camboystube.net,camboystube.net,08-jan-2022,1641600000.0
cambuilder.com,cambuilder.com,14-mar-2021,1615680000.0
cambunny.cam,cambunny.cam,18-may-2021,1621296000.0
camcaps.net,camcaps.net,20-nov-2021,1637366400.0
camchat.vip,camchat.vip,29-aug-2021,1630195200.0
camchatcontacts.com,camchatcontacts.com,17-sep-2021,1631836800.0
camcorderxxx.com,camcorderxxx.com,01-feb-2022,1643673600.0
camdudes.com,camdudes.com,06-jul-2029,1877990400.0
camelmedia.net,camelmedia.net,03-jan-2022,1641168000.0
camelstyle.net,camelstyle.net,17-oct-2021,1634428800.0
camerahot.com,camerahot.com,20-nov-2021,1637366400.0
camfloozy.com,camfloozy.com,18-may-2021,1621296000.0
camgasm.com,camgasm.com,26-oct-2025,1761436800.0
camheaven.club,camheaven.club,14-sep-2021,1631577600.0
camonster.com,camonster.com,09-aug-2021,1628467200.0
campeeks.com,campeeks.com,05-sep-2021,1630800000.0
cams.com,cams.com,13-jan-2022,1642032000.0
camsangels.com,camsangels.com,22-jun-2021,1624320000.0
camsearch.xxx,camsearch.xxx,17-dec-2021,1639699200.0
camsplus.xyz,camsplus.xyz,13-sep-2021,1631491200.0
camster.com,camster.com,28-jul-2022,1658966400.0
camtomycam.com,camtomycam.com,16-jan-2023,1673827200.0
camwhores.icu,camwhores.icu,02-jul-2021,1625184000.0
camwhores.tv,camwhores.tv,19-may-2022,1652918400.0
camwithher.com,camwithher.com,16-oct-2021,1634342400.0
camz.com,camz.com,17-aug-2021,1629158400.0
camzter.com,camzter.com,07-oct-2021,1633564800.0
canalwebcams.com,canalwebcams.com,27-mar-2021,1616803200.0
candybbwporn.com,candybbwporn.com,11-mar-2022,1646956800.0
candycoatedcuties.com,candycoatedcuties.com,24-mar-2021,1616544000.0
candypleasure.com,candypleasure.com,28-dec-2021,1640649600.0
cantender.com,cantender.com,14-jan-2022,1642118400.0
captiveangels.com,captiveangels.com,13-nov-2021,1636761600.0
caramelmilf.com,caramelmilf.com,30-oct-2021,1635552000.0
carlhardwick.com,carlhardwick.com,01-feb-2022,1643673600.0
carmenvalentina.com,carmenvalentina.com,17-jan-2023,1673913600.0
carpediem.fr,carpediem.fr,18-apr-2021,1618704000.0
cartoonmodern.com,cartoonmodern.com,11-aug-2021,1628640000.0
cartoonpornguide.com,cartoonpornguide.com,16-dec-2021,1639612800.0
cartoonpornpage.com,cartoonpornpage.com,31-jul-2021,1627689600.0
cartoonpornpictures.net,cartoonpornpictures.net,05-jun-2021,1622851200.0
cartoonpornvideos.com,cartoonpornvideos.com,31-oct-2025,1761868800.0
cartoonrealityporn.com,cartoonrealityporn.com,09-feb-2021,1612828800.0
cartoontube.com,cartoontube.com,22-jun-2022,1655856000.0
cartoonvalley.com,cartoonvalley.com,30-apr-2021,1619740800.0
carumbas.com,carumbas.com,10-jul-2021,1625875200.0
cash4members.com,cash4members.com,06-aug-2021,1628208000.0
castingcouchxfan.com,castingcouchxfan.com,26-oct-2021,1635206400.0
castingx.org,castingx.org,18-feb-2021,1613606400.0
castmyass.com,castmyass.com,24-sep-2021,1632441600.0
catalinacruz.com,catalinacruz.com,30-sep-2023,1696032000.0
ccgals.com,ccgals.com,14-dec-2021,1639440000.0
cdgirls.com,cdgirls.com,09-feb-2022,1644364800.0
cdnspon.com,cdnspon.com,15-jan-2022,1642204800.0
cdsissycaps.com,cdsissycaps.com,02-dec-2021,1638403200.0
celeb6free.com,celeb6free.com,12-feb-2022,1644624000.0
celebarhive.com,celebarhive.com,06-feb-2022,1644105600.0
celebrity-captures.com,celebrity-captures.com,14-jan-2022,1642118400.0
celebritytube.com,celebritytube.com,05-apr-2021,1617580800.0
celebritytube.video,celebritytube.video,12-aug-2021,1628726400.0
celebsdaddy.me,celebsdaddy.me,16-may-2021,1621123200.0
celebsking.com,celebsking.com,03-nov-2021,1635897600.0
celebsroulette.com,celebsroulette.com,23-oct-2021,1634947200.0
celebsuncensored.com,celebsuncensored.com,29-jul-2021,1627516800.0
celebtaboo.com,celebtaboo.com,16-jul-2021,1626393600.0
centerfoldhunter.com,centerfoldhunter.com,12-dec-2021,1639267200.0
ceporn.net,ceporn.net,20-feb-2022,1645315200.0
ceritasexabg.com,ceritasexabg.com,14-aug-2021,1628899200.0
cfake.com,cfake.com,27-apr-2021,1619481600.0
cfnmidol.com,cfnmidol.com,10-mar-2021,1615334400.0
cfnmteens.com,cfnmteens.com,11-feb-2022,1644537600.0
cg-hentai.com,cg-hentai.com,24-may-2021,1621814400.0
changelingpress.com,changelingpress.com,08-feb-2025,1738972800.0
changels.net,changels.net,03-nov-2021,1635897600.0
charleechaselive.com,charleechaselive.com,01-may-2021,1619827200.0
charlisangels.com,charlisangels.com,25-nov-2021,1637798400.0
charming-angels.net,charming-angels.net,31-oct-2021,1635638400.0
charmingcuties.com,charmingcuties.com,18-apr-2021,1618704000.0
chat-webcams.com,chat-webcams.com,25-oct-2021,1635120000.0
chatischat.com,chatischat.com,07-mar-2021,1615075200.0
chatorgasm.com,chatorgasm.com,19-dec-2027,1829174400.0
chatrandom.com,chatrandom.com,19-jan-2028,1831852800.0
chatroulette.com,chatroulette.com,16-nov-2025,1763251200.0
chatspin.com,chatspin.com,06-sep-2025,1757116800.0
chaturbate.global,chaturbate.global,17-jun-2021,1623888000.0
chaturbate.us,chaturbate.us,05-apr-2021,1617580800.0
cheating-sluts.com,cheating-sluts.com,09-jul-2021,1625788800.0
cheekybanners.com,cheekybanners.com,22-may-2021,1621641600.0
cheggit.me,cheggit.me,13-mar-2021,1615593600.0
cherryface.com,cherryface.com,09-feb-2022,1644364800.0
cherrypimps.com,cherrypimps.com,01-may-2021,1619827200.0
cherrypornhd.com,cherrypornhd.com,07-jul-2021,1625616000.0
chicashumedas.com,chicashumedas.com,20-jul-2021,1626739200.0
chicksextube.com,chicksextube.com,23-nov-2021,1637625600.0
chinese-angels.com,chinese-angels.com,11-feb-2022,1644537600.0
chinesemilf.com,chinesemilf.com,26-apr-2021,1619395200.0
chineseporn.site,chineseporn.site,28-jan-2022,1643328000.0
chinmaster.com,chinmaster.com,02-mar-2022,1646179200.0
chloes-angels.com,chloes-angels.com,31-oct-2023,1698710400.0
chochox.com,chochox.com,07-jul-2021,1625616000.0
chopsticktube.com,chopsticktube.com,24-nov-2022,1669248000.0
christinaangel.com,christinaangel.com,04-apr-2023,1680566400.0
christycanyon.com,christycanyon.com,18-sep-2024,1726617600.0
chubby-teen.com,chubby-teen.com,08-apr-2021,1617840000.0
chubbyloving.com,chubbyloving.com,25-apr-2021,1619308800.0
chubbyparade.com,chubbyparade.com,01-mar-2022,1646092800.0
chubbyworlds.com,chubbyworlds.com,05-may-2021,1620172800.0
chudai.xyz,chudai.xyz,11-may-2021,1620691200.0
chunkyangels.com,chunkyangels.com,06-dec-2022,1670284800.0
chunkytgp.net,chunkytgp.net,07-dec-2021,1638835200.0
chyoa.com,chyoa.com,16-feb-2021,1613433600.0
cifr.club,cifr.club,19-oct-2021,1634601600.0
cinemaden.com,cinemaden.com,29-jan-2022,1643414400.0
citysex.com,citysex.com,06-jan-2022,1641427200.0
classicpornvids.com,classicpornvids.com,25-mar-2021,1616630400.0
classicsexfilms.com,classicsexfilms.com,11-feb-2022,1644537600.0
classicxxxmovies.com,classicxxxmovies.com,01-sep-2021,1630454400.0
classicxxxsex.com,classicxxxsex.com,21-aug-2021,1629504000.0
classyangel.com,classyangel.com,31-aug-2024,1725062400.0
clgalleries.net,clgalleries.net,17-feb-2021,1613520000.0
click4porn.net,click4porn.net,10-feb-2021,1612915200.0
clickflow.net,clickflow.net,23-mar-2021,1616457600.0
clip31.xyz,clip31.xyz,30-jan-2022,1643500800.0
clips4free.is,clips4free.is,20-apr-2021,1618876800.0
clips4hypno.com,clips4hypno.com,30-aug-2021,1630281600.0
clips4sale.com,clips4sale.com,22-jul-2024,1721606400.0
clipsage.com,clipsage.com,11-dec-2021,1639180800.0
clipsforjerkoff.com,clipsforjerkoff.com,14-jul-2021,1626220800.0
