idna_subject,checker_type,destination,source,tested_at,session_id
bestgore.com,AVAILABILITY,snuff.list,submit_here/adult.mypdns.cloud/snuff.list,2001-09-05 14:01:56.212970,1bfc55cab5b270c13f23fc3d
bitcheese.net,AVAILABILITY,snuff.list,submit_here/adult.mypdns.cloud/snuff.list,2001-09-05 14:01:56.229787,1bfc55cab5b270c13f23fc3d
gorebrasil.com,AVAILABILITY,snuff.list,submit_here/adult.mypdns.cloud/snuff.list,2001-09-05 14:01:56.246808,1bfc55cab5b270c13f23fc3d
goregrish.com,AVAILABILITY,snuff.list,submit_here/adult.mypdns.cloud/snuff.list,2001-09-05 14:01:56.263503,1bfc55cab5b270c13f23fc3d
horriblevideos.com,AVAILABILITY,snuff.list,submit_here/adult.mypdns.cloud/snuff.list,2001-09-05 14:01:56.280615,1bfc55cab5b270c13f23fc3d
kaotic.com,AVAILABILITY,snuff.list,submit_here/adult.mypdns.cloud/snuff.list,2001-09-05 14:01:56.297103,1bfc55cab5b270c13f23fc3d
leakreality.com,AVAILABILITY,snuff.list,submit_here/adult.mypdns.cloud/snuff.list,2001-09-05 14:01:56.312512,1bfc55cab5b270c13f23fc3d
miscopy.com,AVAILABILITY,snuff.list,submit_here/adult.mypdns.cloud/snuff.list,2001-09-05 14:01:56.329840,1bfc55cab5b270c13f23fc3d
theync.com,AVAILABILITY,snuff.list,submit_here/adult.mypdns.cloud/snuff.list,2001-09-05 14:01:56.347461,1bfc55cab5b270c13f23fc3d
www.gorebrasil.com,AVAILABILITY,snuff.list,submit_here/adult.mypdns.cloud/snuff.list,2001-09-05 14:01:56.365182,1bfc55cab5b270c13f23fc3d
www.goregrish.com,AVAILABILITY,snuff.list,submit_here/adult.mypdns.cloud/snuff.list,2001-09-05 14:01:56.381855,1bfc55cab5b270c13f23fc3d
www.horriblevideos.com,AVAILABILITY,snuff.list,submit_here/adult.mypdns.cloud/snuff.list,2001-09-05 14:01:56.398684,1bfc55cab5b270c13f23fc3d
goreforum.com,AVAILABILITY,snuff.list,submit_here/adult.mypdns.cloud/snuff.list,2001-09-05 14:01:56.416156,1bfc55cab5b270c13f23fc3d
www.miscopy.com,AVAILABILITY,snuff.list,submit_here/adult.mypdns.cloud/snuff.list,2001-09-05 14:01:56.432965,1bfc55cab5b270c13f23fc3d
recipepes.com,AVAILABILITY,snuff.list,submit_here/adult.mypdns.cloud/snuff.list,2001-09-05 14:01:56.450182,1bfc55cab5b270c13f23fc3d
